TempoAlocacao,Tempo,Particionamento,Nucleos,Pontos
0.003305,0.023322,LinhaRoundRobin,2 sparks,16641
0.002035,0.023474,LinhaRoundRobin,2 sparks,16641
0.00151,0.023014,LinhaRoundRobin,2 sparks,16641
0.003156,0.022097,LinhaRoundRobin,2 sparks,16641
0.003573,0.023058,LinhaRoundRobin,2 sparks,16641
0.003153,0.023131,LinhaRoundRobin,2 sparks,16641
0.001762,0.024101,LinhaRoundRobin,2 sparks,16641
0.003211,0.022047,LinhaRoundRobin,2 sparks,16641
0.001663,0.024108,LinhaRoundRobin,2 sparks,16641
0.001835,0.023401,LinhaRoundRobin,2 sparks,16641
0.001406,0.022504,LinhaRoundRobin,2 sparks,16641
0.003559,0.023161,LinhaRoundRobin,2 sparks,16641
0.001511,0.023509,LinhaRoundRobin,2 sparks,16641
0.001542,0.023928,LinhaRoundRobin,2 sparks,16641
0.001658,0.023391,LinhaRoundRobin,2 sparks,16641
0.001682,0.02336,LinhaRoundRobin,2 sparks,16641
0.001667,0.023287,LinhaRoundRobin,2 sparks,16641
0.003158,0.022133,LinhaRoundRobin,2 sparks,16641
0.003669,0.023154,LinhaRoundRobin,2 sparks,16641
0.003275,0.022993,LinhaRoundRobin,2 sparks,16641
0.001577,0.023943,LinhaRoundRobin,2 sparks,16641
0.001499,0.023085,LinhaRoundRobin,2 sparks,16641
0.001528,0.023113,LinhaRoundRobin,2 sparks,16641
0.00309,0.022101,LinhaRoundRobin,2 sparks,16641
0.00364,0.023097,LinhaRoundRobin,2 sparks,16641
0.003134,0.022049,LinhaRoundRobin,2 sparks,16641
0.003336,0.0233,LinhaRoundRobin,2 sparks,16641
0.003123,0.022111,LinhaRoundRobin,2 sparks,16641
0.003042,0.021959,LinhaRoundRobin,2 sparks,16641
0.001362,0.022384,LinhaRoundRobin,2 sparks,16641
0.003326,0.023242,LinhaRoundRobin,2 sparks,16641
0.003486,0.023127,LinhaRoundRobin,2 sparks,16641
0.003158,0.021961,LinhaRoundRobin,2 sparks,16641
0.00162,0.023406,LinhaRoundRobin,2 sparks,16641
0.003222,0.02297,LinhaRoundRobin,2 sparks,16641
0.002876,0.022889,LinhaRoundRobin,2 sparks,16641
0.001666,0.024266,LinhaRoundRobin,2 sparks,16641
0.003651,0.023007,LinhaRoundRobin,2 sparks,16641
0.001628,0.023301,LinhaRoundRobin,2 sparks,16641
0.003143,0.021897,LinhaRoundRobin,2 sparks,16641
0.003636,0.022942,LinhaRoundRobin,2 sparks,16641
0.001548,0.023962,LinhaRoundRobin,2 sparks,16641
0.001417,0.023073,LinhaRoundRobin,2 sparks,16641
0.003261,0.023217,LinhaRoundRobin,2 sparks,16641
0.003156,0.02202,LinhaRoundRobin,2 sparks,16641
0.003544,0.023093,LinhaRoundRobin,2 sparks,16641
0.001887,0.023456,LinhaRoundRobin,2 sparks,16641
0.003209,0.022016,LinhaRoundRobin,2 sparks,16641
0.003596,0.023227,LinhaRoundRobin,2 sparks,16641
0.003465,0.023019,LinhaRoundRobin,2 sparks,16641
0.001559,0.019876,LinhaRoundRobin,4 sparks,16641
0.001784,0.020653,LinhaRoundRobin,4 sparks,16641
0.001739,0.014199,LinhaRoundRobin,4 sparks,16641
0.001531,0.019701,LinhaRoundRobin,4 sparks,16641
0.004275,0.014448,LinhaRoundRobin,4 sparks,16641
0.006466,0.014581,LinhaRoundRobin,4 sparks,16641
0.001559,0.019677,LinhaRoundRobin,4 sparks,16641
0.001524,0.021395,LinhaRoundRobin,4 sparks,16641
0.001684,0.019553,LinhaRoundRobin,4 sparks,16641
0.003419,0.014283,LinhaRoundRobin,4 sparks,16641
0.001637,0.017564,LinhaRoundRobin,4 sparks,16641
0.001555,0.021126,LinhaRoundRobin,4 sparks,16641
0.003213,0.014294,LinhaRoundRobin,4 sparks,16641
0.0016,0.018245,LinhaRoundRobin,4 sparks,16641
0.005498,0.014042,LinhaRoundRobin,4 sparks,16641
0.001466,0.021096,LinhaRoundRobin,4 sparks,16641
0.00158,0.018572,LinhaRoundRobin,4 sparks,16641
0.001688,0.018262,LinhaRoundRobin,4 sparks,16641
0.001701,0.020014,LinhaRoundRobin,4 sparks,16641
0.00334,0.017237,LinhaRoundRobin,4 sparks,16641
0.003291,0.015179,LinhaRoundRobin,4 sparks,16641
0.001579,0.020309,LinhaRoundRobin,4 sparks,16641
0.003191,0.01713,LinhaRoundRobin,4 sparks,16641
0.002179,0.014382,LinhaRoundRobin,4 sparks,16641
0.001738,0.022052,LinhaRoundRobin,4 sparks,16641
0.00357,0.018149,LinhaRoundRobin,4 sparks,16641
0.003842,0.022228,LinhaRoundRobin,4 sparks,16641
0.001637,0.019249,LinhaRoundRobin,4 sparks,16641
0.001588,0.019164,LinhaRoundRobin,4 sparks,16641
0.001704,0.014356,LinhaRoundRobin,4 sparks,16641
0.00312,0.018463,LinhaRoundRobin,4 sparks,16641
0.00161,0.020373,LinhaRoundRobin,4 sparks,16641
0.005045,0.014469,LinhaRoundRobin,4 sparks,16641
0.001659,0.021649,LinhaRoundRobin,4 sparks,16641
0.004718,0.014468,LinhaRoundRobin,4 sparks,16641
0.001662,0.01946,LinhaRoundRobin,4 sparks,16641
0.001543,0.019135,LinhaRoundRobin,4 sparks,16641
0.001759,0.01925,LinhaRoundRobin,4 sparks,16641
0.001743,0.015585,LinhaRoundRobin,4 sparks,16641
0.002268,0.014749,LinhaRoundRobin,4 sparks,16641
0.004048,0.014479,LinhaRoundRobin,4 sparks,16641
0.001904,0.018205,LinhaRoundRobin,4 sparks,16641
0.003528,0.020352,LinhaRoundRobin,4 sparks,16641
0.002213,0.014521,LinhaRoundRobin,4 sparks,16641
0.00205,0.01986,LinhaRoundRobin,4 sparks,16641
0.001496,0.019749,LinhaRoundRobin,4 sparks,16641
0.001556,0.017698,LinhaRoundRobin,4 sparks,16641
0.003495,0.017193,LinhaRoundRobin,4 sparks,16641
0.004156,0.014285,LinhaRoundRobin,4 sparks,16641
0.008249,0.010043,LinhaRoundRobin,8 sparks,16641
0.006566,0.015043,LinhaRoundRobin,8 sparks,16641
0.006356,0.010217,LinhaRoundRobin,8 sparks,16641
0.005219,0.013891,LinhaRoundRobin,8 sparks,16641
0.006258,0.013484,LinhaRoundRobin,8 sparks,16641
0.006546,0.010359,LinhaRoundRobin,8 sparks,16641
0.000784,0.017226,LinhaRoundRobin,8 sparks,16641
0.006,0.01016,LinhaRoundRobin,8 sparks,16641
0.007345,0.01099,LinhaRoundRobin,8 sparks,16641
0.006119,0.01024,LinhaRoundRobin,8 sparks,16641
0.006885,0.010072,LinhaRoundRobin,8 sparks,16641
0.000868,0.018829,LinhaRoundRobin,8 sparks,16641
0.008082,0.010177,LinhaRoundRobin,8 sparks,16641
0.000827,0.012553,LinhaRoundRobin,8 sparks,16641
0.006184,0.00989,LinhaRoundRobin,8 sparks,16641
0.006222,0.014304,LinhaRoundRobin,8 sparks,16641
0.005827,0.013685,LinhaRoundRobin,8 sparks,16641
0.010675,0.007794,LinhaRoundRobin,8 sparks,16641
0.009486,0.008462,LinhaRoundRobin,8 sparks,16641
0.005886,0.011883,LinhaRoundRobin,8 sparks,16641
0.00908,0.01313,LinhaRoundRobin,8 sparks,16641
0.006712,0.010397,LinhaRoundRobin,8 sparks,16641
0.013476,0.010197,LinhaRoundRobin,8 sparks,16641
0.006756,0.011313,LinhaRoundRobin,8 sparks,16641
0.005458,0.010356,LinhaRoundRobin,8 sparks,16641
0.006455,0.009868,LinhaRoundRobin,8 sparks,16641
0.007588,0.014755,LinhaRoundRobin,8 sparks,16641
0.005289,0.0138,LinhaRoundRobin,8 sparks,16641
0.005225,0.014692,LinhaRoundRobin,8 sparks,16641
0.006606,0.010164,LinhaRoundRobin,8 sparks,16641
0.00354,0.012982,LinhaRoundRobin,8 sparks,16641
0.006051,0.011596,LinhaRoundRobin,8 sparks,16641
0.005863,0.014618,LinhaRoundRobin,8 sparks,16641
0.001036,0.017332,LinhaRoundRobin,8 sparks,16641
0.000821,0.018361,LinhaRoundRobin,8 sparks,16641
0.005681,0.013902,LinhaRoundRobin,8 sparks,16641
0.004646,0.013305,LinhaRoundRobin,8 sparks,16641
0.006129,0.010059,LinhaRoundRobin,8 sparks,16641
0.005439,0.012942,LinhaRoundRobin,8 sparks,16641
0.008866,0.010409,LinhaRoundRobin,8 sparks,16641
0.005873,0.010582,LinhaRoundRobin,8 sparks,16641
0.008634,0.010371,LinhaRoundRobin,8 sparks,16641
0.007006,0.010096,LinhaRoundRobin,8 sparks,16641
0.005344,0.013826,LinhaRoundRobin,8 sparks,16641
0.006672,0.01024,LinhaRoundRobin,8 sparks,16641
0.005658,0.013345,LinhaRoundRobin,8 sparks,16641
0.005844,0.011423,LinhaRoundRobin,8 sparks,16641
0.006492,0.009985,LinhaRoundRobin,8 sparks,16641
0.004964,0.013464,LinhaRoundRobin,8 sparks,16641
0.00427,0.01284,LinhaRoundRobin,8 sparks,16641
0.001045,0.016329,LinhaRoundRobin,16 sparks,16641
0.001287,0.017992,LinhaRoundRobin,16 sparks,16641
0.001152,0.019196,LinhaRoundRobin,16 sparks,16641
0.001262,0.014747,LinhaRoundRobin,16 sparks,16641
0.001115,0.022482,LinhaRoundRobin,16 sparks,16641
0.001333,0.021242,LinhaRoundRobin,16 sparks,16641
0.001162,0.015244,LinhaRoundRobin,16 sparks,16641
0.001133,0.018054,LinhaRoundRobin,16 sparks,16641
0.001235,0.018419,LinhaRoundRobin,16 sparks,16641
0.001241,0.019995,LinhaRoundRobin,16 sparks,16641
0.001302,0.019593,LinhaRoundRobin,16 sparks,16641
0.001211,0.01759,LinhaRoundRobin,16 sparks,16641
0.001121,0.016877,LinhaRoundRobin,16 sparks,16641
0.001072,0.024631,LinhaRoundRobin,16 sparks,16641
0.0012,0.028681,LinhaRoundRobin,16 sparks,16641
0.001314,0.017788,LinhaRoundRobin,16 sparks,16641
0.001111,0.017903,LinhaRoundRobin,16 sparks,16641
0.001078,0.016697,LinhaRoundRobin,16 sparks,16641
0.001199,0.018108,LinhaRoundRobin,16 sparks,16641
0.001252,0.015077,LinhaRoundRobin,16 sparks,16641
0.001041,0.01576,LinhaRoundRobin,16 sparks,16641
0.001018,0.01539,LinhaRoundRobin,16 sparks,16641
0.001214,0.014885,LinhaRoundRobin,16 sparks,16641
0.001361,0.015732,LinhaRoundRobin,16 sparks,16641
0.001286,0.019688,LinhaRoundRobin,16 sparks,16641
0.001317,0.021313,LinhaRoundRobin,16 sparks,16641
0.001245,0.025056,LinhaRoundRobin,16 sparks,16641
0.001315,0.022362,LinhaRoundRobin,16 sparks,16641
0.00122,0.015108,LinhaRoundRobin,16 sparks,16641
0.001246,0.015461,LinhaRoundRobin,16 sparks,16641
0.001257,0.014785,LinhaRoundRobin,16 sparks,16641
0.001196,0.01831,LinhaRoundRobin,16 sparks,16641
0.001289,0.018319,LinhaRoundRobin,16 sparks,16641
0.001136,0.015813,LinhaRoundRobin,16 sparks,16641
0.001303,0.01662,LinhaRoundRobin,16 sparks,16641
0.001025,0.018551,LinhaRoundRobin,16 sparks,16641
0.001257,0.017781,LinhaRoundRobin,16 sparks,16641
0.001236,0.022584,LinhaRoundRobin,16 sparks,16641
0.001203,0.017696,LinhaRoundRobin,16 sparks,16641
0.00132,0.015357,LinhaRoundRobin,16 sparks,16641
0.001278,0.016908,LinhaRoundRobin,16 sparks,16641
0.001274,0.018297,LinhaRoundRobin,16 sparks,16641
0.001086,0.018594,LinhaRoundRobin,16 sparks,16641
0.001287,0.017808,LinhaRoundRobin,16 sparks,16641
0.000932,0.017738,LinhaRoundRobin,16 sparks,16641
0.001206,0.017182,LinhaRoundRobin,16 sparks,16641
0.001094,0.018289,LinhaRoundRobin,16 sparks,16641
0.001176,0.015869,LinhaRoundRobin,16 sparks,16641
0.001196,0.015885,LinhaRoundRobin,16 sparks,16641
0.00116,0.018585,LinhaRoundRobin,16 sparks,16641
0.00848,0.093581,LinhaRoundRobin,2 sparks,66049
0.008185,0.093819,LinhaRoundRobin,2 sparks,66049
0.008285,0.093784,LinhaRoundRobin,2 sparks,66049
0.008282,0.094302,LinhaRoundRobin,2 sparks,66049
0.008109,0.093608,LinhaRoundRobin,2 sparks,66049
0.008468,0.099405,LinhaRoundRobin,2 sparks,66049
0.008042,0.094064,LinhaRoundRobin,2 sparks,66049
0.008439,0.094059,LinhaRoundRobin,2 sparks,66049
0.008416,0.094109,LinhaRoundRobin,2 sparks,66049
0.00813,0.093741,LinhaRoundRobin,2 sparks,66049
0.008403,0.093452,LinhaRoundRobin,2 sparks,66049
0.008511,0.09389,LinhaRoundRobin,2 sparks,66049
0.008203,0.093103,LinhaRoundRobin,2 sparks,66049
0.008219,0.093592,LinhaRoundRobin,2 sparks,66049
0.006978,0.089586,LinhaRoundRobin,2 sparks,66049
0.006828,0.088966,LinhaRoundRobin,2 sparks,66049
0.008416,0.093191,LinhaRoundRobin,2 sparks,66049
0.008352,0.09368,LinhaRoundRobin,2 sparks,66049
0.008269,0.09366,LinhaRoundRobin,2 sparks,66049
0.008476,0.094854,LinhaRoundRobin,2 sparks,66049
0.008241,0.094102,LinhaRoundRobin,2 sparks,66049
0.007039,0.088997,LinhaRoundRobin,2 sparks,66049
0.008468,0.093651,LinhaRoundRobin,2 sparks,66049
0.007008,0.089612,LinhaRoundRobin,2 sparks,66049
0.008668,0.093523,LinhaRoundRobin,2 sparks,66049
0.007957,0.094224,LinhaRoundRobin,2 sparks,66049
0.008121,0.093839,LinhaRoundRobin,2 sparks,66049
0.008267,0.09386,LinhaRoundRobin,2 sparks,66049
0.008335,0.093354,LinhaRoundRobin,2 sparks,66049
0.006853,0.08924,LinhaRoundRobin,2 sparks,66049
0.00714,0.089628,LinhaRoundRobin,2 sparks,66049
0.008439,0.094387,LinhaRoundRobin,2 sparks,66049
0.008368,0.093924,LinhaRoundRobin,2 sparks,66049
0.008318,0.093785,LinhaRoundRobin,2 sparks,66049
0.008724,0.093526,LinhaRoundRobin,2 sparks,66049
0.008326,0.093526,LinhaRoundRobin,2 sparks,66049
0.008243,0.093644,LinhaRoundRobin,2 sparks,66049
0.008057,0.09345,LinhaRoundRobin,2 sparks,66049
0.008248,0.093215,LinhaRoundRobin,2 sparks,66049
0.008323,0.093559,LinhaRoundRobin,2 sparks,66049
0.008274,0.093749,LinhaRoundRobin,2 sparks,66049
0.008355,0.094381,LinhaRoundRobin,2 sparks,66049
0.007835,0.093197,LinhaRoundRobin,2 sparks,66049
0.008452,0.093215,LinhaRoundRobin,2 sparks,66049
0.00803,0.093566,LinhaRoundRobin,2 sparks,66049
0.007991,0.094491,LinhaRoundRobin,2 sparks,66049
0.00793,0.094457,LinhaRoundRobin,2 sparks,66049
0.007058,0.089012,LinhaRoundRobin,2 sparks,66049
0.007193,0.09197,LinhaRoundRobin,2 sparks,66049
0.008567,0.095059,LinhaRoundRobin,2 sparks,66049
0.006857,0.065246,LinhaRoundRobin,4 sparks,66049
0.006142,0.055637,LinhaRoundRobin,4 sparks,66049
0.007278,0.055236,LinhaRoundRobin,4 sparks,66049
0.005732,0.051499,LinhaRoundRobin,4 sparks,66049
0.006734,0.064789,LinhaRoundRobin,4 sparks,66049
0.009286,0.065048,LinhaRoundRobin,4 sparks,66049
0.007489,0.060148,LinhaRoundRobin,4 sparks,66049
0.011022,0.067033,LinhaRoundRobin,4 sparks,66049
0.005951,0.052417,LinhaRoundRobin,4 sparks,66049
0.00677,0.064367,LinhaRoundRobin,4 sparks,66049
0.007108,0.06019,LinhaRoundRobin,4 sparks,66049
0.006538,0.053325,LinhaRoundRobin,4 sparks,66049
0.006538,0.055994,LinhaRoundRobin,4 sparks,66049
0.009591,0.068633,LinhaRoundRobin,4 sparks,66049
0.007447,0.054104,LinhaRoundRobin,4 sparks,66049
0.006804,0.074028,LinhaRoundRobin,4 sparks,66049
0.007157,0.06432,LinhaRoundRobin,4 sparks,66049
0.006542,0.057929,LinhaRoundRobin,4 sparks,66049
0.006094,0.058341,LinhaRoundRobin,4 sparks,66049
0.006241,0.057052,LinhaRoundRobin,4 sparks,66049
0.006882,0.065841,LinhaRoundRobin,4 sparks,66049
0.006401,0.060467,LinhaRoundRobin,4 sparks,66049
0.011998,0.072048,LinhaRoundRobin,4 sparks,66049
0.006043,0.054065,LinhaRoundRobin,4 sparks,66049
0.006502,0.056042,LinhaRoundRobin,4 sparks,66049
0.011428,0.066938,LinhaRoundRobin,4 sparks,66049
0.00669,0.056911,LinhaRoundRobin,4 sparks,66049
0.008698,0.067069,LinhaRoundRobin,4 sparks,66049
0.008065,0.052568,LinhaRoundRobin,4 sparks,66049
0.008736,0.067455,LinhaRoundRobin,4 sparks,66049
0.006688,0.051687,LinhaRoundRobin,4 sparks,66049
0.006671,0.054736,LinhaRoundRobin,4 sparks,66049
0.00625,0.058633,LinhaRoundRobin,4 sparks,66049
0.006772,0.058151,LinhaRoundRobin,4 sparks,66049
0.006103,0.053451,LinhaRoundRobin,4 sparks,66049
0.006833,0.055479,LinhaRoundRobin,4 sparks,66049
0.005885,0.050211,LinhaRoundRobin,4 sparks,66049
0.005506,0.05148,LinhaRoundRobin,4 sparks,66049
0.007542,0.05896,LinhaRoundRobin,4 sparks,66049
0.007236,0.056165,LinhaRoundRobin,4 sparks,66049
0.006756,0.060154,LinhaRoundRobin,4 sparks,66049
0.006853,0.055772,LinhaRoundRobin,4 sparks,66049
0.006895,0.05355,LinhaRoundRobin,4 sparks,66049
0.006914,0.068514,LinhaRoundRobin,4 sparks,66049
0.005899,0.053648,LinhaRoundRobin,4 sparks,66049
0.006651,0.065722,LinhaRoundRobin,4 sparks,66049
0.006804,0.064315,LinhaRoundRobin,4 sparks,66049
0.006954,0.056422,LinhaRoundRobin,4 sparks,66049
0.007477,0.052342,LinhaRoundRobin,4 sparks,66049
0.006899,0.058788,LinhaRoundRobin,4 sparks,66049
0.024045,0.043821,LinhaRoundRobin,8 sparks,66049
0.022778,0.029811,LinhaRoundRobin,8 sparks,66049
0.018559,0.034705,LinhaRoundRobin,8 sparks,66049
0.018903,0.031465,LinhaRoundRobin,8 sparks,66049
0.023861,0.029848,LinhaRoundRobin,8 sparks,66049
0.021913,0.03108,LinhaRoundRobin,8 sparks,66049
0.025508,0.029772,LinhaRoundRobin,8 sparks,66049
0.014239,0.036365,LinhaRoundRobin,8 sparks,66049
0.022705,0.029714,LinhaRoundRobin,8 sparks,66049
0.016929,0.034573,LinhaRoundRobin,8 sparks,66049
0.014181,0.030119,LinhaRoundRobin,8 sparks,66049
0.020088,0.031585,LinhaRoundRobin,8 sparks,66049
0.019937,0.030251,LinhaRoundRobin,8 sparks,66049
0.004889,0.053517,LinhaRoundRobin,8 sparks,66049
0.023621,0.032018,LinhaRoundRobin,8 sparks,66049
0.004476,0.049214,LinhaRoundRobin,8 sparks,66049
0.025837,0.029492,LinhaRoundRobin,8 sparks,66049
0.018944,0.030493,LinhaRoundRobin,8 sparks,66049
0.020322,0.035808,LinhaRoundRobin,8 sparks,66049
0.026021,0.031884,LinhaRoundRobin,8 sparks,66049
0.019705,0.031393,LinhaRoundRobin,8 sparks,66049
0.019098,0.03277,LinhaRoundRobin,8 sparks,66049
0.004552,0.048189,LinhaRoundRobin,8 sparks,66049
0.021879,0.030415,LinhaRoundRobin,8 sparks,66049
0.026237,0.029893,LinhaRoundRobin,8 sparks,66049
0.01931,0.029904,LinhaRoundRobin,8 sparks,66049
0.019863,0.030187,LinhaRoundRobin,8 sparks,66049
0.027759,0.030554,LinhaRoundRobin,8 sparks,66049
0.023104,0.028737,LinhaRoundRobin,8 sparks,66049
0.004408,0.048107,LinhaRoundRobin,8 sparks,66049
0.021118,0.032073,LinhaRoundRobin,8 sparks,66049
0.022593,0.031957,LinhaRoundRobin,8 sparks,66049
0.025942,0.030299,LinhaRoundRobin,8 sparks,66049
0.025862,0.029793,LinhaRoundRobin,8 sparks,66049
0.022605,0.029847,LinhaRoundRobin,8 sparks,66049
0.02128,0.030063,LinhaRoundRobin,8 sparks,66049
0.017633,0.030693,LinhaRoundRobin,8 sparks,66049
0.022896,0.033056,LinhaRoundRobin,8 sparks,66049
0.01934,0.032259,LinhaRoundRobin,8 sparks,66049
0.018742,0.030171,LinhaRoundRobin,8 sparks,66049
0.019799,0.029925,LinhaRoundRobin,8 sparks,66049
0.026072,0.0288,LinhaRoundRobin,8 sparks,66049
0.023923,0.030775,LinhaRoundRobin,8 sparks,66049
0.005402,0.047882,LinhaRoundRobin,8 sparks,66049
0.023824,0.030874,LinhaRoundRobin,8 sparks,66049
0.015735,0.030021,LinhaRoundRobin,8 sparks,66049
0.022068,0.030006,LinhaRoundRobin,8 sparks,66049
0.02345,0.029092,LinhaRoundRobin,8 sparks,66049
0.021534,0.030413,LinhaRoundRobin,8 sparks,66049
0.023825,0.031373,LinhaRoundRobin,8 sparks,66049
0.036899,0.0441,LinhaRoundRobin,16 sparks,66049
0.022579,0.029711,LinhaRoundRobin,16 sparks,66049
0.02481,0.039281,LinhaRoundRobin,16 sparks,66049
0.012192,0.04312,LinhaRoundRobin,16 sparks,66049
0.025376,0.034492,LinhaRoundRobin,16 sparks,66049
0.021356,0.086843,LinhaRoundRobin,16 sparks,66049
0.024226,0.034741,LinhaRoundRobin,16 sparks,66049
0.00776,0.089288,LinhaRoundRobin,16 sparks,66049
0.037545,0.046233,LinhaRoundRobin,16 sparks,66049
0.047842,0.033192,LinhaRoundRobin,16 sparks,66049
0.010009,0.065803,LinhaRoundRobin,16 sparks,66049
0.011172,0.036968,LinhaRoundRobin,16 sparks,66049
0.009025,0.058192,LinhaRoundRobin,16 sparks,66049
0.012228,0.067883,LinhaRoundRobin,16 sparks,66049
0.008425,0.079932,LinhaRoundRobin,16 sparks,66049
0.033832,0.031088,LinhaRoundRobin,16 sparks,66049
0.034702,0.050307,LinhaRoundRobin,16 sparks,66049
0.028697,0.055012,LinhaRoundRobin,16 sparks,66049
0.031285,0.037124,LinhaRoundRobin,16 sparks,66049
0.037478,0.051918,LinhaRoundRobin,16 sparks,66049
0.032439,0.031518,LinhaRoundRobin,16 sparks,66049
0.037619,0.052006,LinhaRoundRobin,16 sparks,66049
0.037034,0.05478,LinhaRoundRobin,16 sparks,66049
0.018397,0.03183,LinhaRoundRobin,16 sparks,66049
0.026371,0.049751,LinhaRoundRobin,16 sparks,66049
0.025119,0.040368,LinhaRoundRobin,16 sparks,66049
0.023554,0.032673,LinhaRoundRobin,16 sparks,66049
0.028728,0.049298,LinhaRoundRobin,16 sparks,66049
0.008498,0.062318,LinhaRoundRobin,16 sparks,66049
0.015374,0.03697,LinhaRoundRobin,16 sparks,66049
0.013103,0.078965,LinhaRoundRobin,16 sparks,66049
0.034012,0.040112,LinhaRoundRobin,16 sparks,66049
0.039242,0.036584,LinhaRoundRobin,16 sparks,66049
0.00613,0.065664,LinhaRoundRobin,16 sparks,66049
0.009926,0.058169,LinhaRoundRobin,16 sparks,66049
0.036393,0.039769,LinhaRoundRobin,16 sparks,66049
0.012584,0.030037,LinhaRoundRobin,16 sparks,66049
0.033878,0.036564,LinhaRoundRobin,16 sparks,66049
0.018788,0.032419,LinhaRoundRobin,16 sparks,66049
0.022561,0.032211,LinhaRoundRobin,16 sparks,66049
0.028831,0.039236,LinhaRoundRobin,16 sparks,66049
0.02209,0.030199,LinhaRoundRobin,16 sparks,66049
0.008333,0.073485,LinhaRoundRobin,16 sparks,66049
0.030868,0.038718,LinhaRoundRobin,16 sparks,66049
0.035056,0.038299,LinhaRoundRobin,16 sparks,66049
0.022711,0.03251,LinhaRoundRobin,16 sparks,66049
0.030412,0.041408,LinhaRoundRobin,16 sparks,66049
0.027352,0.05707,LinhaRoundRobin,16 sparks,66049
0.025808,0.032235,LinhaRoundRobin,16 sparks,66049
0.015734,0.02949,LinhaRoundRobin,16 sparks,66049
0.037949,0.378234,LinhaRoundRobin,2 sparks,263169
0.032191,0.357343,LinhaRoundRobin,2 sparks,263169
0.038479,0.376611,LinhaRoundRobin,2 sparks,263169
0.032414,0.357209,LinhaRoundRobin,2 sparks,263169
0.038474,0.375274,LinhaRoundRobin,2 sparks,263169
0.037886,0.377864,LinhaRoundRobin,2 sparks,263169
0.037722,0.375646,LinhaRoundRobin,2 sparks,263169
0.033125,0.368326,LinhaRoundRobin,2 sparks,263169
0.037829,0.42413,LinhaRoundRobin,2 sparks,263169
0.037928,0.377004,LinhaRoundRobin,2 sparks,263169
0.03825,0.376227,LinhaRoundRobin,2 sparks,263169
0.038349,0.375118,LinhaRoundRobin,2 sparks,263169
0.037901,0.376583,LinhaRoundRobin,2 sparks,263169
0.038493,0.37471,LinhaRoundRobin,2 sparks,263169
0.038377,0.426123,LinhaRoundRobin,2 sparks,263169
0.037817,0.376603,LinhaRoundRobin,2 sparks,263169
0.038077,0.358063,LinhaRoundRobin,2 sparks,263169
0.032245,0.358058,LinhaRoundRobin,2 sparks,263169
0.032621,0.363176,LinhaRoundRobin,2 sparks,263169
0.037487,0.430712,LinhaRoundRobin,2 sparks,263169
0.038545,0.377537,LinhaRoundRobin,2 sparks,263169
0.03833,0.424008,LinhaRoundRobin,2 sparks,263169
0.037794,0.378013,LinhaRoundRobin,2 sparks,263169
0.03734,0.42337,LinhaRoundRobin,2 sparks,263169
0.03231,0.359554,LinhaRoundRobin,2 sparks,263169
0.032379,0.358101,LinhaRoundRobin,2 sparks,263169
0.037892,0.37458,LinhaRoundRobin,2 sparks,263169
0.038437,0.375928,LinhaRoundRobin,2 sparks,263169
0.038646,0.375535,LinhaRoundRobin,2 sparks,263169
0.032759,0.35662,LinhaRoundRobin,2 sparks,263169
0.032319,0.369193,LinhaRoundRobin,2 sparks,263169
0.038844,0.378717,LinhaRoundRobin,2 sparks,263169
0.03854,0.375154,LinhaRoundRobin,2 sparks,263169
0.038155,0.37589,LinhaRoundRobin,2 sparks,263169
0.038463,0.375987,LinhaRoundRobin,2 sparks,263169
0.038359,0.432757,LinhaRoundRobin,2 sparks,263169
0.038336,0.375679,LinhaRoundRobin,2 sparks,263169
0.038067,0.37609,LinhaRoundRobin,2 sparks,263169
0.038279,0.376232,LinhaRoundRobin,2 sparks,263169
0.038312,0.37563,LinhaRoundRobin,2 sparks,263169
0.038323,0.420729,LinhaRoundRobin,2 sparks,263169
0.037878,0.377656,LinhaRoundRobin,2 sparks,263169
0.037787,0.376289,LinhaRoundRobin,2 sparks,263169
0.038223,0.373898,LinhaRoundRobin,2 sparks,263169
0.032123,0.362061,LinhaRoundRobin,2 sparks,263169
0.0324,0.36301,LinhaRoundRobin,2 sparks,263169
0.03875,0.378972,LinhaRoundRobin,2 sparks,263169
0.038294,0.377113,LinhaRoundRobin,2 sparks,263169
0.038125,0.377615,LinhaRoundRobin,2 sparks,263169
0.03822,0.378263,LinhaRoundRobin,2 sparks,263169
0.080702,0.215836,LinhaRoundRobin,4 sparks,263169
0.064962,0.230569,LinhaRoundRobin,4 sparks,263169
0.057833,0.219128,LinhaRoundRobin,4 sparks,263169
0.080168,0.223981,LinhaRoundRobin,4 sparks,263169
0.07616,0.195675,LinhaRoundRobin,4 sparks,263169
0.050874,0.201768,LinhaRoundRobin,4 sparks,263169
0.073174,0.220313,LinhaRoundRobin,4 sparks,263169
0.040569,0.195679,LinhaRoundRobin,4 sparks,263169
0.02008,0.278433,LinhaRoundRobin,4 sparks,263169
0.07224,0.195438,LinhaRoundRobin,4 sparks,263169
0.020003,0.265378,LinhaRoundRobin,4 sparks,263169
0.049542,0.193026,LinhaRoundRobin,4 sparks,263169
0.033184,0.195432,LinhaRoundRobin,4 sparks,263169
0.033154,0.211069,LinhaRoundRobin,4 sparks,263169
0.058136,0.266351,LinhaRoundRobin,4 sparks,263169
0.054295,0.195818,LinhaRoundRobin,4 sparks,263169
0.074737,0.194389,LinhaRoundRobin,4 sparks,263169
0.020154,0.278132,LinhaRoundRobin,4 sparks,263169
0.067471,0.206287,LinhaRoundRobin,4 sparks,263169
0.038178,0.196423,LinhaRoundRobin,4 sparks,263169
0.042362,0.195929,LinhaRoundRobin,4 sparks,263169
0.050785,0.195384,LinhaRoundRobin,4 sparks,263169
0.063826,0.197297,LinhaRoundRobin,4 sparks,263169
0.019747,0.267029,LinhaRoundRobin,4 sparks,263169
0.072431,0.194575,LinhaRoundRobin,4 sparks,263169
0.05511,0.195586,LinhaRoundRobin,4 sparks,263169
0.045832,0.196099,LinhaRoundRobin,4 sparks,263169
0.038465,0.203598,LinhaRoundRobin,4 sparks,263169
0.074974,0.219921,LinhaRoundRobin,4 sparks,263169
0.055525,0.198683,LinhaRoundRobin,4 sparks,263169
0.043854,0.19483,LinhaRoundRobin,4 sparks,263169
0.045193,0.22213,LinhaRoundRobin,4 sparks,263169
0.070419,0.218975,LinhaRoundRobin,4 sparks,263169
0.08068,0.207467,LinhaRoundRobin,4 sparks,263169
0.055744,0.229451,LinhaRoundRobin,4 sparks,263169
0.020517,0.274674,LinhaRoundRobin,4 sparks,263169
0.040904,0.19399,LinhaRoundRobin,4 sparks,263169
0.073563,0.195274,LinhaRoundRobin,4 sparks,263169
0.021106,0.264543,LinhaRoundRobin,4 sparks,263169
0.074908,0.203879,LinhaRoundRobin,4 sparks,263169
0.016275,0.219159,LinhaRoundRobin,4 sparks,263169
0.019981,0.281911,LinhaRoundRobin,4 sparks,263169
0.077992,0.191546,LinhaRoundRobin,4 sparks,263169
0.038612,0.196346,LinhaRoundRobin,4 sparks,263169
0.066797,0.195106,LinhaRoundRobin,4 sparks,263169
0.020003,0.275916,LinhaRoundRobin,4 sparks,263169
0.020308,0.257278,LinhaRoundRobin,4 sparks,263169
0.019554,0.26687,LinhaRoundRobin,4 sparks,263169
0.021008,0.256906,LinhaRoundRobin,4 sparks,263169
0.076027,0.19607,LinhaRoundRobin,4 sparks,263169
0.020002,0.134492,LinhaRoundRobin,8 sparks,263169
0.023645,0.127507,LinhaRoundRobin,8 sparks,263169
0.026024,0.201662,LinhaRoundRobin,8 sparks,263169
0.023568,0.198525,LinhaRoundRobin,8 sparks,263169
0.02339,0.169291,LinhaRoundRobin,8 sparks,263169
0.024179,0.128546,LinhaRoundRobin,8 sparks,263169
0.02462,0.180749,LinhaRoundRobin,8 sparks,263169
0.01981,0.219608,LinhaRoundRobin,8 sparks,263169
0.027165,0.181955,LinhaRoundRobin,8 sparks,263169
0.026885,0.151415,LinhaRoundRobin,8 sparks,263169
0.016864,0.117417,LinhaRoundRobin,8 sparks,263169
0.029155,0.124868,LinhaRoundRobin,8 sparks,263169
0.063948,0.127296,LinhaRoundRobin,8 sparks,263169
0.017519,0.117099,LinhaRoundRobin,8 sparks,263169
0.025529,0.187777,LinhaRoundRobin,8 sparks,263169
0.025767,0.123971,LinhaRoundRobin,8 sparks,263169
0.026273,0.188224,LinhaRoundRobin,8 sparks,263169
0.024837,0.153879,LinhaRoundRobin,8 sparks,263169
0.025626,0.182046,LinhaRoundRobin,8 sparks,263169
0.024937,0.131558,LinhaRoundRobin,8 sparks,263169
0.022055,0.121664,LinhaRoundRobin,8 sparks,263169
0.023231,0.117503,LinhaRoundRobin,8 sparks,263169
0.02049,0.116367,LinhaRoundRobin,8 sparks,263169
0.023712,0.227753,LinhaRoundRobin,8 sparks,263169
0.023904,0.166136,LinhaRoundRobin,8 sparks,263169
0.025752,0.124553,LinhaRoundRobin,8 sparks,263169
0.030299,0.208489,LinhaRoundRobin,8 sparks,263169
0.024171,0.185669,LinhaRoundRobin,8 sparks,263169
0.025557,0.134212,LinhaRoundRobin,8 sparks,263169
0.022598,0.123803,LinhaRoundRobin,8 sparks,263169
0.02138,0.16353,LinhaRoundRobin,8 sparks,263169
0.021843,0.121902,LinhaRoundRobin,8 sparks,263169
0.02699,0.194264,LinhaRoundRobin,8 sparks,263169
0.031393,0.134796,LinhaRoundRobin,8 sparks,263169
0.0247,0.172823,LinhaRoundRobin,8 sparks,263169
0.021122,0.116398,LinhaRoundRobin,8 sparks,263169
0.023138,0.186384,LinhaRoundRobin,8 sparks,263169
0.029834,0.222457,LinhaRoundRobin,8 sparks,263169
0.021419,0.146544,LinhaRoundRobin,8 sparks,263169
0.02439,0.19372,LinhaRoundRobin,8 sparks,263169
0.021076,0.146377,LinhaRoundRobin,8 sparks,263169
0.024576,0.182728,LinhaRoundRobin,8 sparks,263169
0.024674,0.182991,LinhaRoundRobin,8 sparks,263169
0.024469,0.199529,LinhaRoundRobin,8 sparks,263169
0.027578,0.183744,LinhaRoundRobin,8 sparks,263169
0.028054,0.216524,LinhaRoundRobin,8 sparks,263169
0.02405,0.18223,LinhaRoundRobin,8 sparks,263169
0.023019,0.167774,LinhaRoundRobin,8 sparks,263169
0.021494,0.167092,LinhaRoundRobin,8 sparks,263169
0.029089,0.151909,LinhaRoundRobin,8 sparks,263169
0.081695,0.146193,LinhaRoundRobin,16 sparks,263169
0.018091,0.178431,LinhaRoundRobin,16 sparks,263169
0.067738,0.117366,LinhaRoundRobin,16 sparks,263169
0.063787,0.122821,LinhaRoundRobin,16 sparks,263169
0.08395,0.125144,LinhaRoundRobin,16 sparks,263169
0.122037,0.127661,LinhaRoundRobin,16 sparks,263169
0.089864,0.119246,LinhaRoundRobin,16 sparks,263169
0.022274,0.236678,LinhaRoundRobin,16 sparks,263169
0.076073,0.125157,LinhaRoundRobin,16 sparks,263169
0.078793,0.125786,LinhaRoundRobin,16 sparks,263169
0.146043,0.126367,LinhaRoundRobin,16 sparks,263169
0.017425,0.138655,LinhaRoundRobin,16 sparks,263169
0.061986,0.148945,LinhaRoundRobin,16 sparks,263169
0.086025,0.123601,LinhaRoundRobin,16 sparks,263169
0.086749,0.128083,LinhaRoundRobin,16 sparks,263169
0.017564,0.163359,LinhaRoundRobin,16 sparks,263169
0.108844,0.129109,LinhaRoundRobin,16 sparks,263169
0.016759,0.248319,LinhaRoundRobin,16 sparks,263169
0.124623,0.119633,LinhaRoundRobin,16 sparks,263169
0.12138,0.127891,LinhaRoundRobin,16 sparks,263169
0.116574,0.124864,LinhaRoundRobin,16 sparks,263169
0.092253,0.138794,LinhaRoundRobin,16 sparks,263169
0.090086,0.130244,LinhaRoundRobin,16 sparks,263169
0.017163,0.192959,LinhaRoundRobin,16 sparks,263169
0.119866,0.126048,LinhaRoundRobin,16 sparks,263169
0.018421,0.21705,LinhaRoundRobin,16 sparks,263169
0.093234,0.114857,LinhaRoundRobin,16 sparks,263169
0.118912,0.126391,LinhaRoundRobin,16 sparks,263169
0.098087,0.130935,LinhaRoundRobin,16 sparks,263169
0.068694,0.119973,LinhaRoundRobin,16 sparks,263169
0.086625,0.117144,LinhaRoundRobin,16 sparks,263169
0.105153,0.122375,LinhaRoundRobin,16 sparks,263169
0.086046,0.176609,LinhaRoundRobin,16 sparks,263169
0.074153,0.144521,LinhaRoundRobin,16 sparks,263169
0.082099,0.142703,LinhaRoundRobin,16 sparks,263169
0.107059,0.115273,LinhaRoundRobin,16 sparks,263169
0.070559,0.150278,LinhaRoundRobin,16 sparks,263169
0.085522,0.132601,LinhaRoundRobin,16 sparks,263169
0.100426,0.121227,LinhaRoundRobin,16 sparks,263169
0.016948,0.164484,LinhaRoundRobin,16 sparks,263169
0.018897,0.242067,LinhaRoundRobin,16 sparks,263169
0.073258,0.131417,LinhaRoundRobin,16 sparks,263169
0.068927,0.139464,LinhaRoundRobin,16 sparks,263169
0.110886,0.116941,LinhaRoundRobin,16 sparks,263169
0.108034,0.116711,LinhaRoundRobin,16 sparks,263169
0.064364,0.135876,LinhaRoundRobin,16 sparks,263169
0.079314,0.160449,LinhaRoundRobin,16 sparks,263169
0.087307,0.122691,LinhaRoundRobin,16 sparks,263169
0.032972,0.199694,LinhaRoundRobin,16 sparks,263169
0.151042,0.113779,LinhaRoundRobin,16 sparks,263169
0.162274,1.645078,LinhaRoundRobin,2 sparks,1050625
0.160545,1.641544,LinhaRoundRobin,2 sparks,1050625
0.162053,1.640615,LinhaRoundRobin,2 sparks,1050625
0.1589,1.493999,LinhaRoundRobin,2 sparks,1050625
0.161972,1.637741,LinhaRoundRobin,2 sparks,1050625
0.15888,1.650574,LinhaRoundRobin,2 sparks,1050625
0.164341,1.644816,LinhaRoundRobin,2 sparks,1050625
0.162602,1.659653,LinhaRoundRobin,2 sparks,1050625
0.163462,1.639616,LinhaRoundRobin,2 sparks,1050625
0.160754,1.670677,LinhaRoundRobin,2 sparks,1050625
0.161367,1.620451,LinhaRoundRobin,2 sparks,1050625
0.139955,1.423865,LinhaRoundRobin,2 sparks,1050625
0.160278,1.648736,LinhaRoundRobin,2 sparks,1050625
0.163628,1.65447,LinhaRoundRobin,2 sparks,1050625
0.165873,1.66014,LinhaRoundRobin,2 sparks,1050625
0.163192,1.650938,LinhaRoundRobin,2 sparks,1050625
0.158551,1.655246,LinhaRoundRobin,2 sparks,1050625
0.159875,1.619874,LinhaRoundRobin,2 sparks,1050625
0.140663,1.498822,LinhaRoundRobin,2 sparks,1050625
0.164248,1.642972,LinhaRoundRobin,2 sparks,1050625
0.161591,1.643035,LinhaRoundRobin,2 sparks,1050625
0.160355,1.50118,LinhaRoundRobin,2 sparks,1050625
0.161199,1.611399,LinhaRoundRobin,2 sparks,1050625
0.159635,1.727729,LinhaRoundRobin,2 sparks,1050625
0.162558,1.617859,LinhaRoundRobin,2 sparks,1050625
0.16332,1.652832,LinhaRoundRobin,2 sparks,1050625
0.140642,1.503302,LinhaRoundRobin,2 sparks,1050625
0.160797,1.642227,LinhaRoundRobin,2 sparks,1050625
0.141194,1.501175,LinhaRoundRobin,2 sparks,1050625
0.158563,1.65502,LinhaRoundRobin,2 sparks,1050625
0.161548,1.630718,LinhaRoundRobin,2 sparks,1050625
0.163966,1.658979,LinhaRoundRobin,2 sparks,1050625
0.165168,1.616963,LinhaRoundRobin,2 sparks,1050625
0.161466,1.638561,LinhaRoundRobin,2 sparks,1050625
0.161366,1.622018,LinhaRoundRobin,2 sparks,1050625
0.161175,1.623571,LinhaRoundRobin,2 sparks,1050625
0.164021,1.640021,LinhaRoundRobin,2 sparks,1050625
0.161542,1.629357,LinhaRoundRobin,2 sparks,1050625
0.161277,1.489481,LinhaRoundRobin,2 sparks,1050625
0.140186,1.503329,LinhaRoundRobin,2 sparks,1050625
0.161454,1.624948,LinhaRoundRobin,2 sparks,1050625
0.163668,1.647209,LinhaRoundRobin,2 sparks,1050625
0.161938,1.644585,LinhaRoundRobin,2 sparks,1050625
0.163268,1.627328,LinhaRoundRobin,2 sparks,1050625
0.165839,1.643416,LinhaRoundRobin,2 sparks,1050625
0.164668,1.822171,LinhaRoundRobin,2 sparks,1050625
0.176793,1.667762,LinhaRoundRobin,2 sparks,1050625
0.161079,1.504541,LinhaRoundRobin,2 sparks,1050625
0.140477,1.498658,LinhaRoundRobin,2 sparks,1050625
0.16133,1.664815,LinhaRoundRobin,2 sparks,1050625
0.086058,0.824525,LinhaRoundRobin,4 sparks,1050625
0.125205,0.790766,LinhaRoundRobin,4 sparks,1050625
0.085482,0.825776,LinhaRoundRobin,4 sparks,1050625
0.085805,0.839829,LinhaRoundRobin,4 sparks,1050625
0.136349,0.782298,LinhaRoundRobin,4 sparks,1050625
0.166109,0.782781,LinhaRoundRobin,4 sparks,1050625
0.103251,0.828108,LinhaRoundRobin,4 sparks,1050625
0.141582,0.829333,LinhaRoundRobin,4 sparks,1050625
0.096629,1.042962,LinhaRoundRobin,4 sparks,1050625
0.132002,0.822498,LinhaRoundRobin,4 sparks,1050625
0.091415,0.837816,LinhaRoundRobin,4 sparks,1050625
0.085615,0.824946,LinhaRoundRobin,4 sparks,1050625
0.135358,0.78416,LinhaRoundRobin,4 sparks,1050625
0.137074,0.78247,LinhaRoundRobin,4 sparks,1050625
0.085531,0.826275,LinhaRoundRobin,4 sparks,1050625
0.310319,0.821945,LinhaRoundRobin,4 sparks,1050625
0.128453,0.786371,LinhaRoundRobin,4 sparks,1050625
0.085097,0.838071,LinhaRoundRobin,4 sparks,1050625
0.086513,0.831135,LinhaRoundRobin,4 sparks,1050625
0.167237,0.861329,LinhaRoundRobin,4 sparks,1050625
0.136427,0.794097,LinhaRoundRobin,4 sparks,1050625
0.141775,0.798137,LinhaRoundRobin,4 sparks,1050625
0.144488,0.791067,LinhaRoundRobin,4 sparks,1050625
0.120764,0.834121,LinhaRoundRobin,4 sparks,1050625
0.094339,0.830879,LinhaRoundRobin,4 sparks,1050625
0.137955,0.826472,LinhaRoundRobin,4 sparks,1050625
0.131504,0.784672,LinhaRoundRobin,4 sparks,1050625
0.090258,0.878917,LinhaRoundRobin,4 sparks,1050625
0.10381,0.83352,LinhaRoundRobin,4 sparks,1050625
0.085959,0.8237,LinhaRoundRobin,4 sparks,1050625
0.185503,0.788142,LinhaRoundRobin,4 sparks,1050625
0.098684,1.022506,LinhaRoundRobin,4 sparks,1050625
0.095593,0.827506,LinhaRoundRobin,4 sparks,1050625
0.091393,0.836801,LinhaRoundRobin,4 sparks,1050625
0.137396,0.783785,LinhaRoundRobin,4 sparks,1050625
0.134853,0.795021,LinhaRoundRobin,4 sparks,1050625
0.10456,0.832537,LinhaRoundRobin,4 sparks,1050625
0.099127,0.824101,LinhaRoundRobin,4 sparks,1050625
0.102782,0.833949,LinhaRoundRobin,4 sparks,1050625
0.127278,0.786214,LinhaRoundRobin,4 sparks,1050625
0.089389,0.830973,LinhaRoundRobin,4 sparks,1050625
0.089689,0.839566,LinhaRoundRobin,4 sparks,1050625
0.23001,0.7858,LinhaRoundRobin,4 sparks,1050625
0.136367,0.78351,LinhaRoundRobin,4 sparks,1050625
0.089942,0.84661,LinhaRoundRobin,4 sparks,1050625
0.100333,0.824949,LinhaRoundRobin,4 sparks,1050625
0.108441,1.072362,LinhaRoundRobin,4 sparks,1050625
0.085885,0.833977,LinhaRoundRobin,4 sparks,1050625
0.085702,0.828318,LinhaRoundRobin,4 sparks,1050625
0.339694,0.791726,LinhaRoundRobin,4 sparks,1050625
0.08662,0.513636,LinhaRoundRobin,8 sparks,1050625
0.089475,0.613918,LinhaRoundRobin,8 sparks,1050625
0.089409,0.467668,LinhaRoundRobin,8 sparks,1050625
0.084211,0.470011,LinhaRoundRobin,8 sparks,1050625
0.086577,0.68132,LinhaRoundRobin,8 sparks,1050625
0.08805,0.513916,LinhaRoundRobin,8 sparks,1050625
0.090874,0.493317,LinhaRoundRobin,8 sparks,1050625
0.08673,0.477548,LinhaRoundRobin,8 sparks,1050625
0.102981,0.464644,LinhaRoundRobin,8 sparks,1050625
0.083582,0.553533,LinhaRoundRobin,8 sparks,1050625
0.094664,0.784266,LinhaRoundRobin,8 sparks,1050625
0.084492,0.497772,LinhaRoundRobin,8 sparks,1050625
0.368413,0.534577,LinhaRoundRobin,8 sparks,1050625
0.311993,0.474135,LinhaRoundRobin,8 sparks,1050625
0.384247,0.471702,LinhaRoundRobin,8 sparks,1050625
0.406098,0.476383,LinhaRoundRobin,8 sparks,1050625
0.262607,0.492729,LinhaRoundRobin,8 sparks,1050625
0.313741,0.46837,LinhaRoundRobin,8 sparks,1050625
0.32137,0.471091,LinhaRoundRobin,8 sparks,1050625
0.08537,0.4639,LinhaRoundRobin,8 sparks,1050625
0.082217,0.467095,LinhaRoundRobin,8 sparks,1050625
0.389842,0.471512,LinhaRoundRobin,8 sparks,1050625
0.089292,0.474325,LinhaRoundRobin,8 sparks,1050625
0.089344,0.500384,LinhaRoundRobin,8 sparks,1050625
0.094644,0.467854,LinhaRoundRobin,8 sparks,1050625
0.084815,0.467705,LinhaRoundRobin,8 sparks,1050625
0.084078,0.468652,LinhaRoundRobin,8 sparks,1050625
0.087587,0.469304,LinhaRoundRobin,8 sparks,1050625
0.088739,0.470813,LinhaRoundRobin,8 sparks,1050625
0.082793,0.464632,LinhaRoundRobin,8 sparks,1050625
0.088739,0.522155,LinhaRoundRobin,8 sparks,1050625
0.084474,0.531475,LinhaRoundRobin,8 sparks,1050625
0.093709,0.471659,LinhaRoundRobin,8 sparks,1050625
0.09095,0.468142,LinhaRoundRobin,8 sparks,1050625
0.38515,0.522524,LinhaRoundRobin,8 sparks,1050625
0.082827,0.500843,LinhaRoundRobin,8 sparks,1050625
0.365845,0.512333,LinhaRoundRobin,8 sparks,1050625
0.090214,0.570068,LinhaRoundRobin,8 sparks,1050625
0.088264,0.466706,LinhaRoundRobin,8 sparks,1050625
0.091633,0.463674,LinhaRoundRobin,8 sparks,1050625
0.098984,0.473182,LinhaRoundRobin,8 sparks,1050625
0.081008,0.464524,LinhaRoundRobin,8 sparks,1050625
0.083704,0.504069,LinhaRoundRobin,8 sparks,1050625
0.10542,0.671609,LinhaRoundRobin,8 sparks,1050625
0.087377,0.470593,LinhaRoundRobin,8 sparks,1050625
0.09966,0.467386,LinhaRoundRobin,8 sparks,1050625
0.313571,0.472183,LinhaRoundRobin,8 sparks,1050625
0.380332,0.468549,LinhaRoundRobin,8 sparks,1050625
0.108658,0.469413,LinhaRoundRobin,8 sparks,1050625
0.31399,0.49935,LinhaRoundRobin,8 sparks,1050625
0.102657,0.765067,LinhaRoundRobin,16 sparks,1050625
0.101083,0.913655,LinhaRoundRobin,16 sparks,1050625
0.105389,0.795807,LinhaRoundRobin,16 sparks,1050625
0.094401,0.676239,LinhaRoundRobin,16 sparks,1050625
0.47093,0.449732,LinhaRoundRobin,16 sparks,1050625
0.108505,0.82767,LinhaRoundRobin,16 sparks,1050625
0.148518,0.738158,LinhaRoundRobin,16 sparks,1050625
0.095946,0.736604,LinhaRoundRobin,16 sparks,1050625
0.511117,0.432449,LinhaRoundRobin,16 sparks,1050625
0.25744,0.498661,LinhaRoundRobin,16 sparks,1050625
0.492018,0.457276,LinhaRoundRobin,16 sparks,1050625
0.102447,0.69601,LinhaRoundRobin,16 sparks,1050625
0.107017,0.882493,LinhaRoundRobin,16 sparks,1050625
0.117416,0.949745,LinhaRoundRobin,16 sparks,1050625
0.449785,0.453729,LinhaRoundRobin,16 sparks,1050625
0.099183,0.938857,LinhaRoundRobin,16 sparks,1050625
0.110866,0.870318,LinhaRoundRobin,16 sparks,1050625
0.081518,0.489918,LinhaRoundRobin,16 sparks,1050625
0.080635,0.462343,LinhaRoundRobin,16 sparks,1050625
0.564056,0.438296,LinhaRoundRobin,16 sparks,1050625
0.239863,0.620809,LinhaRoundRobin,16 sparks,1050625
0.107444,0.615833,LinhaRoundRobin,16 sparks,1050625
0.094117,0.485393,LinhaRoundRobin,16 sparks,1050625
0.093678,0.749285,LinhaRoundRobin,16 sparks,1050625
0.448102,0.505808,LinhaRoundRobin,16 sparks,1050625
0.152296,0.547171,LinhaRoundRobin,16 sparks,1050625
0.491401,0.513836,LinhaRoundRobin,16 sparks,1050625
0.39069,0.509564,LinhaRoundRobin,16 sparks,1050625
0.092723,0.773484,LinhaRoundRobin,16 sparks,1050625
0.492133,0.46202,LinhaRoundRobin,16 sparks,1050625
0.088183,0.471285,LinhaRoundRobin,16 sparks,1050625
0.080122,0.494501,LinhaRoundRobin,16 sparks,1050625
0.201892,1.026743,LinhaRoundRobin,16 sparks,1050625
0.099241,0.682423,LinhaRoundRobin,16 sparks,1050625
0.090674,0.868111,LinhaRoundRobin,16 sparks,1050625
0.153239,0.637699,LinhaRoundRobin,16 sparks,1050625
0.108282,0.610453,LinhaRoundRobin,16 sparks,1050625
0.103168,0.94783,LinhaRoundRobin,16 sparks,1050625
0.092271,0.843715,LinhaRoundRobin,16 sparks,1050625
0.101189,0.7871,LinhaRoundRobin,16 sparks,1050625
0.093616,0.726069,LinhaRoundRobin,16 sparks,1050625
0.08653,0.501331,LinhaRoundRobin,16 sparks,1050625
0.076515,0.484746,LinhaRoundRobin,16 sparks,1050625
0.097238,0.823854,LinhaRoundRobin,16 sparks,1050625
0.091985,0.845431,LinhaRoundRobin,16 sparks,1050625
0.088944,0.480777,LinhaRoundRobin,16 sparks,1050625
0.407383,0.444406,LinhaRoundRobin,16 sparks,1050625
0.200611,0.584896,LinhaRoundRobin,16 sparks,1050625
0.248279,0.534127,LinhaRoundRobin,16 sparks,1050625
0.141952,0.793978,LinhaRoundRobin,16 sparks,1050625
0.65688,6.590697,LinhaRoundRobin,2 sparks,4198401
0.577261,5.981165,LinhaRoundRobin,2 sparks,4198401
0.681231,6.573485,LinhaRoundRobin,2 sparks,4198401
0.672958,6.49474,LinhaRoundRobin,2 sparks,4198401
0.673599,6.578772,LinhaRoundRobin,2 sparks,4198401
0.580222,5.781508,LinhaRoundRobin,2 sparks,4198401
0.671979,6.584174,LinhaRoundRobin,2 sparks,4198401
0.668119,6.492961,LinhaRoundRobin,2 sparks,4198401
0.662209,6.530949,LinhaRoundRobin,2 sparks,4198401
0.579732,5.999632,LinhaRoundRobin,2 sparks,4198401
0.675868,6.484035,LinhaRoundRobin,2 sparks,4198401
0.578731,5.753319,LinhaRoundRobin,2 sparks,4198401
0.682722,6.501765,LinhaRoundRobin,2 sparks,4198401
0.658335,6.502386,LinhaRoundRobin,2 sparks,4198401
0.67026,6.622389,LinhaRoundRobin,2 sparks,4198401
0.668693,6.596214,LinhaRoundRobin,2 sparks,4198401
0.581249,5.976582,LinhaRoundRobin,2 sparks,4198401
0.576896,5.961488,LinhaRoundRobin,2 sparks,4198401
0.658998,6.554944,LinhaRoundRobin,2 sparks,4198401
0.662346,6.631587,LinhaRoundRobin,2 sparks,4198401
0.664584,6.647432,LinhaRoundRobin,2 sparks,4198401
0.672136,6.570098,LinhaRoundRobin,2 sparks,4198401
0.578147,5.959933,LinhaRoundRobin,2 sparks,4198401
0.656109,6.612606,LinhaRoundRobin,2 sparks,4198401
0.658069,6.569947,LinhaRoundRobin,2 sparks,4198401
0.576179,5.991976,LinhaRoundRobin,2 sparks,4198401
0.663277,6.456185,LinhaRoundRobin,2 sparks,4198401
0.656231,6.185116,LinhaRoundRobin,2 sparks,4198401
0.661333,6.459102,LinhaRoundRobin,2 sparks,4198401
0.659205,6.591201,LinhaRoundRobin,2 sparks,4198401
0.661096,6.460953,LinhaRoundRobin,2 sparks,4198401
0.674824,6.497284,LinhaRoundRobin,2 sparks,4198401
0.672877,6.512286,LinhaRoundRobin,2 sparks,4198401
0.661477,6.574222,LinhaRoundRobin,2 sparks,4198401
0.576897,5.992992,LinhaRoundRobin,2 sparks,4198401
0.579726,5.79877,LinhaRoundRobin,2 sparks,4198401
0.665347,6.497957,LinhaRoundRobin,2 sparks,4198401
0.668762,6.472702,LinhaRoundRobin,2 sparks,4198401
0.66537,6.446852,LinhaRoundRobin,2 sparks,4198401
0.581059,5.971314,LinhaRoundRobin,2 sparks,4198401
0.669699,6.454101,LinhaRoundRobin,2 sparks,4198401
0.661876,6.581126,LinhaRoundRobin,2 sparks,4198401
0.662942,6.589019,LinhaRoundRobin,2 sparks,4198401
0.662849,6.553987,LinhaRoundRobin,2 sparks,4198401
0.662683,6.477674,LinhaRoundRobin,2 sparks,4198401
0.663403,6.593116,LinhaRoundRobin,2 sparks,4198401
0.662705,6.467715,LinhaRoundRobin,2 sparks,4198401
0.659633,6.514104,LinhaRoundRobin,2 sparks,4198401
0.673235,6.632699,LinhaRoundRobin,2 sparks,4198401
0.664368,6.482982,LinhaRoundRobin,2 sparks,4198401
0.472443,3.189147,LinhaRoundRobin,4 sparks,4198401
0.374768,3.374213,LinhaRoundRobin,4 sparks,4198401
0.481014,3.18508,LinhaRoundRobin,4 sparks,4198401
0.354368,3.34768,LinhaRoundRobin,4 sparks,4198401
0.376557,3.318601,LinhaRoundRobin,4 sparks,4198401
0.355316,3.326809,LinhaRoundRobin,4 sparks,4198401
0.543045,3.203915,LinhaRoundRobin,4 sparks,4198401
0.364067,3.338738,LinhaRoundRobin,4 sparks,4198401
0.49123,3.179812,LinhaRoundRobin,4 sparks,4198401
0.511984,3.180381,LinhaRoundRobin,4 sparks,4198401
0.475029,3.177672,LinhaRoundRobin,4 sparks,4198401
0.497677,3.190489,LinhaRoundRobin,4 sparks,4198401
0.388952,3.396088,LinhaRoundRobin,4 sparks,4198401
0.53287,3.195889,LinhaRoundRobin,4 sparks,4198401
0.486564,3.178471,LinhaRoundRobin,4 sparks,4198401
0.35439,3.316878,LinhaRoundRobin,4 sparks,4198401
0.372859,3.386417,LinhaRoundRobin,4 sparks,4198401
0.354808,3.335161,LinhaRoundRobin,4 sparks,4198401
0.382174,3.400555,LinhaRoundRobin,4 sparks,4198401
0.394406,3.385298,LinhaRoundRobin,4 sparks,4198401
0.362039,3.341277,LinhaRoundRobin,4 sparks,4198401
0.496354,3.174647,LinhaRoundRobin,4 sparks,4198401
0.371355,3.349213,LinhaRoundRobin,4 sparks,4198401
0.355443,3.326538,LinhaRoundRobin,4 sparks,4198401
0.378619,3.360757,LinhaRoundRobin,4 sparks,4198401
0.489416,3.182955,LinhaRoundRobin,4 sparks,4198401
0.409225,3.412444,LinhaRoundRobin,4 sparks,4198401
0.389491,3.072661,LinhaRoundRobin,4 sparks,4198401
0.378029,3.373422,LinhaRoundRobin,4 sparks,4198401
0.355105,3.362264,LinhaRoundRobin,4 sparks,4198401
0.479906,3.183752,LinhaRoundRobin,4 sparks,4198401
0.492525,3.222945,LinhaRoundRobin,4 sparks,4198401
0.355182,3.370797,LinhaRoundRobin,4 sparks,4198401
0.479705,3.17197,LinhaRoundRobin,4 sparks,4198401
0.483007,3.197102,LinhaRoundRobin,4 sparks,4198401
0.502331,3.202765,LinhaRoundRobin,4 sparks,4198401
0.390055,3.398002,LinhaRoundRobin,4 sparks,4198401
0.473134,3.17169,LinhaRoundRobin,4 sparks,4198401
0.379571,3.378508,LinhaRoundRobin,4 sparks,4198401
0.481945,3.162828,LinhaRoundRobin,4 sparks,4198401
0.474898,3.181611,LinhaRoundRobin,4 sparks,4198401
0.473552,3.14953,LinhaRoundRobin,4 sparks,4198401
0.479121,3.189205,LinhaRoundRobin,4 sparks,4198401
0.487767,3.20638,LinhaRoundRobin,4 sparks,4198401
0.381358,3.361719,LinhaRoundRobin,4 sparks,4198401
0.38338,3.434128,LinhaRoundRobin,4 sparks,4198401
0.481842,3.157057,LinhaRoundRobin,4 sparks,4198401
0.368006,3.349422,LinhaRoundRobin,4 sparks,4198401
0.527829,3.193607,LinhaRoundRobin,4 sparks,4198401
0.473397,3.171057,LinhaRoundRobin,4 sparks,4198401
0.321076,1.889115,LinhaRoundRobin,8 sparks,4198401
0.317574,1.881286,LinhaRoundRobin,8 sparks,4198401
0.243631,2.03651,LinhaRoundRobin,8 sparks,4198401
0.308777,2.281242,LinhaRoundRobin,8 sparks,4198401
0.319834,1.894782,LinhaRoundRobin,8 sparks,4198401
0.336898,1.874734,LinhaRoundRobin,8 sparks,4198401
0.327108,1.91627,LinhaRoundRobin,8 sparks,4198401
0.340457,1.895214,LinhaRoundRobin,8 sparks,4198401
0.33315,1.894613,LinhaRoundRobin,8 sparks,4198401
0.328929,1.916901,LinhaRoundRobin,8 sparks,4198401
0.33799,3.071104,LinhaRoundRobin,8 sparks,4198401
0.244079,1.993793,LinhaRoundRobin,8 sparks,4198401
0.332973,2.001268,LinhaRoundRobin,8 sparks,4198401
0.320478,1.877181,LinhaRoundRobin,8 sparks,4198401
0.337899,2.010542,LinhaRoundRobin,8 sparks,4198401
0.333036,1.882691,LinhaRoundRobin,8 sparks,4198401
0.242244,2.006199,LinhaRoundRobin,8 sparks,4198401
0.241785,1.990539,LinhaRoundRobin,8 sparks,4198401
0.326812,1.881364,LinhaRoundRobin,8 sparks,4198401
0.324787,1.901769,LinhaRoundRobin,8 sparks,4198401
0.247453,1.982979,LinhaRoundRobin,8 sparks,4198401
0.316173,1.90779,LinhaRoundRobin,8 sparks,4198401
0.327131,2.257613,LinhaRoundRobin,8 sparks,4198401
0.314574,1.894149,LinhaRoundRobin,8 sparks,4198401
0.319832,1.908036,LinhaRoundRobin,8 sparks,4198401
0.336797,1.903701,LinhaRoundRobin,8 sparks,4198401
0.335339,1.908889,LinhaRoundRobin,8 sparks,4198401
0.32044,2.025379,LinhaRoundRobin,8 sparks,4198401
0.333892,3.098111,LinhaRoundRobin,8 sparks,4198401
0.240467,1.994087,LinhaRoundRobin,8 sparks,4198401
0.337206,2.024924,LinhaRoundRobin,8 sparks,4198401
0.323492,1.889556,LinhaRoundRobin,8 sparks,4198401
0.32505,1.885021,LinhaRoundRobin,8 sparks,4198401
0.313558,1.891362,LinhaRoundRobin,8 sparks,4198401
0.25444,1.979203,LinhaRoundRobin,8 sparks,4198401
0.337927,1.895718,LinhaRoundRobin,8 sparks,4198401
0.309738,2.246658,LinhaRoundRobin,8 sparks,4198401
0.453265,2.945149,LinhaRoundRobin,8 sparks,4198401
0.299546,3.617194,LinhaRoundRobin,8 sparks,4198401
0.241201,1.992239,LinhaRoundRobin,8 sparks,4198401
0.335723,1.884853,LinhaRoundRobin,8 sparks,4198401
0.245201,1.993787,LinhaRoundRobin,8 sparks,4198401
0.352606,2.042028,LinhaRoundRobin,8 sparks,4198401
0.331146,1.888685,LinhaRoundRobin,8 sparks,4198401
0.329421,1.899631,LinhaRoundRobin,8 sparks,4198401
0.321002,1.891674,LinhaRoundRobin,8 sparks,4198401
0.239763,1.987689,LinhaRoundRobin,8 sparks,4198401
0.320015,3.19972,LinhaRoundRobin,8 sparks,4198401
1.302526,1.915333,LinhaRoundRobin,8 sparks,4198401
0.292558,2.818272,LinhaRoundRobin,8 sparks,4198401
0.470329,1.898463,LinhaRoundRobin,16 sparks,4198401
0.35829,1.92608,LinhaRoundRobin,16 sparks,4198401
0.391345,1.646763,LinhaRoundRobin,16 sparks,4198401
0.346889,1.927659,LinhaRoundRobin,16 sparks,4198401
0.394404,1.978463,LinhaRoundRobin,16 sparks,4198401
0.413337,1.651377,LinhaRoundRobin,16 sparks,4198401
1.930531,1.527076,LinhaRoundRobin,16 sparks,4198401
0.506064,1.455576,LinhaRoundRobin,16 sparks,4198401
0.371175,1.851143,LinhaRoundRobin,16 sparks,4198401
0.422833,1.958463,LinhaRoundRobin,16 sparks,4198401
0.498148,1.612383,LinhaRoundRobin,16 sparks,4198401
0.439039,1.814267,LinhaRoundRobin,16 sparks,4198401
0.506931,1.460148,LinhaRoundRobin,16 sparks,4198401
0.463694,1.945687,LinhaRoundRobin,16 sparks,4198401
0.532954,1.533032,LinhaRoundRobin,16 sparks,4198401
0.390685,1.920687,LinhaRoundRobin,16 sparks,4198401
0.390705,1.889716,LinhaRoundRobin,16 sparks,4198401
0.438022,1.934267,LinhaRoundRobin,16 sparks,4198401
0.478071,1.691751,LinhaRoundRobin,16 sparks,4198401
0.488082,2.446495,LinhaRoundRobin,16 sparks,4198401
0.415488,2.370425,LinhaRoundRobin,16 sparks,4198401
0.355253,1.7212383,LinhaRoundRobin,16 sparks,4198401
0.463,1.892384,LinhaRoundRobin,16 sparks,4198401
0.490511,1.757314,LinhaRoundRobin,16 sparks,4198401
0.454665,3.337077,LinhaRoundRobin,16 sparks,4198401
0.468444,1.900985,LinhaRoundRobin,16 sparks,4198401
1.168593,1.669208,LinhaRoundRobin,16 sparks,4198401
0.43393,2.526421,LinhaRoundRobin,16 sparks,4198401
0.498643,1.706864,LinhaRoundRobin,16 sparks,4198401
0.397656,1.803561,LinhaRoundRobin,16 sparks,4198401
0.363458,1.842384,LinhaRoundRobin,16 sparks,4198401
0.50247,1.934074,LinhaRoundRobin,16 sparks,4198401
0.455545,2.283207,LinhaRoundRobin,16 sparks,4198401
0.452395,2.333712,LinhaRoundRobin,16 sparks,4198401
0.534339,2.291253,LinhaRoundRobin,16 sparks,4198401
0.471978,2.327356,LinhaRoundRobin,16 sparks,4198401
0.477149,1.884679,LinhaRoundRobin,16 sparks,4198401
0.4329,1.926426,LinhaRoundRobin,16 sparks,4198401
0.428354,2.492933,LinhaRoundRobin,16 sparks,4198401
0.354884,1.800214,LinhaRoundRobin,16 sparks,4198401
0.38609,1.668046,LinhaRoundRobin,16 sparks,4198401
0.413361,1.612461,LinhaRoundRobin,16 sparks,4198401
0.449922,1.872798,LinhaRoundRobin,16 sparks,4198401
1.427736,1.97924,LinhaRoundRobin,16 sparks,4198401
1.193779,1.894734,LinhaRoundRobin,16 sparks,4198401
0.395936,1.649038,LinhaRoundRobin,16 sparks,4198401
0.358491,1.89415,LinhaRoundRobin,16 sparks,4198401
0.554099,1.660768,LinhaRoundRobin,16 sparks,4198401
2.021171,1.75058,LinhaRoundRobin,16 sparks,4198401
0.441144,1.570768,LinhaRoundRobin,16 sparks,4198401


2.743692,26.267809,LinhaRoundRobin,2 sparks,16785409
2.765089,26.634849,LinhaRoundRobin,2 sparks,16785409
2.718527,26.316361,LinhaRoundRobin,2 sparks,16785409
2.368384,23.90312,LinhaRoundRobin,2 sparks,16785409
2.751427,26.36658,LinhaRoundRobin,2 sparks,16785409
2.364701,23.798579,LinhaRoundRobin,2 sparks,16785409
2.755741,25.960066,LinhaRoundRobin,2 sparks,16785409
2.362717,23.968115,LinhaRoundRobin,2 sparks,16785409
2.729107,26.541601,LinhaRoundRobin,2 sparks,16785409
2.712146,26.338625,LinhaRoundRobin,2 sparks,16785409
2.373337,23.922717,LinhaRoundRobin,2 sparks,16785409
2.709465,26.343908,LinhaRoundRobin,2 sparks,16785409
2.719659,25.898854,LinhaRoundRobin,2 sparks,16785409
2.71302,25.850815,LinhaRoundRobin,2 sparks,16785409
2.367479,24.016121,LinhaRoundRobin,2 sparks,16785409
2.376051,23.836477,LinhaRoundRobin,2 sparks,16785409
2.379763,24.095258,LinhaRoundRobin,2 sparks,16785409
2.7322,26.273993,LinhaRoundRobin,2 sparks,16785409
2.734002,26.177192,LinhaRoundRobin,2 sparks,16785409
2.375316,23.88416,LinhaRoundRobin,2 sparks,16785409
2.743082,26.521959,LinhaRoundRobin,2 sparks,16785409
2.776722,25.904244,LinhaRoundRobin,2 sparks,16785409
2.720926,26.304603,LinhaRoundRobin,2 sparks,16785409
2.360428,23.849144,LinhaRoundRobin,2 sparks,16785409
2.368821,24.114951,LinhaRoundRobin,2 sparks,16785409
2.369995,23.768224,LinhaRoundRobin,2 sparks,16785409
2.70835,26.118354,LinhaRoundRobin,2 sparks,16785409
2.696952,26.295993,LinhaRoundRobin,2 sparks,16785409
2.758959,29.321147,LinhaRoundRobin,2 sparks,16785409
2.712878,25.929053,LinhaRoundRobin,2 sparks,16785409
2.74234,26.36742,LinhaRoundRobin,2 sparks,16785409
2.743325,26.410578,LinhaRoundRobin,2 sparks,16785409
2.374298,23.92677,LinhaRoundRobin,2 sparks,16785409
2.359326,23.952941,LinhaRoundRobin,2 sparks,16785409
2.740808,26.353375,LinhaRoundRobin,2 sparks,16785409
2.756112,26.395722,LinhaRoundRobin,2 sparks,16785409
2.362943,23.85718,LinhaRoundRobin,2 sparks,16785409
2.367681,23.95003,LinhaRoundRobin,2 sparks,16785409
2.37294,23.933113,LinhaRoundRobin,2 sparks,16785409
2.376803,23.895354,LinhaRoundRobin,2 sparks,16785409
2.369976,23.985158,LinhaRoundRobin,2 sparks,16785409
2.73757,26.332702,LinhaRoundRobin,2 sparks,16785409
2.747025,26.314816,LinhaRoundRobin,2 sparks,16785409
2.754845,26.304572,LinhaRoundRobin,2 sparks,16785409
2.756315,25.917687,LinhaRoundRobin,2 sparks,16785409
2.373963,23.985486,LinhaRoundRobin,2 sparks,16785409
2.696073,26.295113,LinhaRoundRobin,2 sparks,16785409
2.363725,24.047711,LinhaRoundRobin,2 sparks,16785409
2.719695,26.136507,LinhaRoundRobin,2 sparks,16785409
2.389397,23.903955,LinhaRoundRobin,2 sparks,16785409
1.920455,12.810795,LinhaRoundRobin,4 sparks,16785409
1.982515,12.904468,LinhaRoundRobin,4 sparks,16785409
2.072192,12.882168,LinhaRoundRobin,4 sparks,16785409
1.967453,14.463816,LinhaRoundRobin,4 sparks,16785409
1.438698,13.439435,LinhaRoundRobin,4 sparks,16785409
1.818154,12.767842,LinhaRoundRobin,4 sparks,16785409
1.547303,13.610653,LinhaRoundRobin,4 sparks,16785409
1.201815,12.694914,LinhaRoundRobin,4 sparks,16785409
1.527266,13.581374,LinhaRoundRobin,4 sparks,16785409
1.444059,13.389765,LinhaRoundRobin,4 sparks,16785409
1.438541,13.574426,LinhaRoundRobin,4 sparks,16785409
1.46323,13.529469,LinhaRoundRobin,4 sparks,16785409
1.438591,13.393548,LinhaRoundRobin,4 sparks,16785409
1.575983,13.670139,LinhaRoundRobin,4 sparks,16785409
1.574142,13.661935,LinhaRoundRobin,4 sparks,16785409
1.440497,13.461174,LinhaRoundRobin,4 sparks,16785409
2.112253,12.857317,LinhaRoundRobin,4 sparks,16785409
1.437946,13.397063,LinhaRoundRobin,4 sparks,16785409
1.904703,12.840566,LinhaRoundRobin,4 sparks,16785409
1.917022,12.754966,LinhaRoundRobin,4 sparks,16785409
1.233434,12.751702,LinhaRoundRobin,4 sparks,16785409
1.585248,13.688068,LinhaRoundRobin,4 sparks,16785409
1.548702,13.672836,LinhaRoundRobin,4 sparks,16785409
1.836924,12.738652,LinhaRoundRobin,4 sparks,16785409
1.438961,13.494497,LinhaRoundRobin,4 sparks,16785409
2.023285,12.895515,LinhaRoundRobin,4 sparks,16785409
1.5628,13.588844,LinhaRoundRobin,4 sparks,16785409
1.430274,13.366734,LinhaRoundRobin,4 sparks,16785409
1.574188,13.663457,LinhaRoundRobin,4 sparks,16785409
1.857835,14.870169,LinhaRoundRobin,4 sparks,16785409
1.574785,13.638436,LinhaRoundRobin,4 sparks,16785409
1.639049,12.178457,LinhaRoundRobin,4 sparks,16785409
1.969031,12.870234,LinhaRoundRobin,4 sparks,16785409
1.440046,13.437455,LinhaRoundRobin,4 sparks,16785409
1.859473,12.751254,LinhaRoundRobin,4 sparks,16785409
1.227247,12.764236,LinhaRoundRobin,4 sparks,16785409
1.83538,12.794344,LinhaRoundRobin,4 sparks,16785409
1.444885,13.559291,LinhaRoundRobin,4 sparks,16785409
1.441646,13.39504,LinhaRoundRobin,4 sparks,16785409
1.555463,13.579677,LinhaRoundRobin,4 sparks,16785409
1.230114,12.74508,LinhaRoundRobin,4 sparks,16785409
1.528474,13.490439,LinhaRoundRobin,4 sparks,16785409
1.440196,13.358488,LinhaRoundRobin,4 sparks,16785409
1.439283,13.438558,LinhaRoundRobin,4 sparks,16785409
1.825011,12.804847,LinhaRoundRobin,4 sparks,16785409
1.54471,13.604389,LinhaRoundRobin,4 sparks,16785409
1.439844,13.421498,LinhaRoundRobin,4 sparks,16785409
1.505856,13.58375,LinhaRoundRobin,4 sparks,16785409
1.999738,12.839047,LinhaRoundRobin,4 sparks,16785409
1.439898,13.434357,LinhaRoundRobin,4 sparks,16785409
1.556063,7.692395,LinhaRoundRobin,8 sparks,16785409
1.176704,8.848633,LinhaRoundRobin,8 sparks,16785409
1.44657,7.629543,LinhaRoundRobin,8 sparks,16785409
1.2358,7.729903,LinhaRoundRobin,8 sparks,16785409
0.979301,8.585288,LinhaRoundRobin,8 sparks,16785409
1.491941,7.674759,LinhaRoundRobin,8 sparks,16785409
1.281805,7.677009,LinhaRoundRobin,8 sparks,16785409
1.196787,7.64114,LinhaRoundRobin,8 sparks,16785409
0.961758,8.051599,LinhaRoundRobin,8 sparks,16785409
0.971007,8.05323,LinhaRoundRobin,8 sparks,16785409
1.247642,7.733862,LinhaRoundRobin,8 sparks,16785409
1.412054,10.906601,LinhaRoundRobin,8 sparks,16785409
1.265977,7.689922,LinhaRoundRobin,8 sparks,16785409
1.343745,7.689271,LinhaRoundRobin,8 sparks,16785409
1.2233,8.872692,LinhaRoundRobin,8 sparks,16785409
1.308468,7.629579,LinhaRoundRobin,8 sparks,16785409
1.261909,7.725329,LinhaRoundRobin,8 sparks,16785409
1.205889,7.686268,LinhaRoundRobin,8 sparks,16785409
1.207499,7.720946,LinhaRoundRobin,8 sparks,16785409
1.289836,7.66524,LinhaRoundRobin,8 sparks,16785409
0.97395,8.091948,LinhaRoundRobin,8 sparks,16785409
1.164407,8.863308,LinhaRoundRobin,8 sparks,16785409
1.27743,7.68268,LinhaRoundRobin,8 sparks,16785409
0.972096,8.101139,LinhaRoundRobin,8 sparks,16785409
1.205498,7.671598,LinhaRoundRobin,8 sparks,16785409
1.245576,7.713209,LinhaRoundRobin,8 sparks,16785409
1.117384,11.309298,LinhaRoundRobin,8 sparks,16785409
1.241638,7.693859,LinhaRoundRobin,8 sparks,16785409
4.855656,7.482901,LinhaRoundRobin,8 sparks,16785409
0.934051,8.026864,LinhaRoundRobin,8 sparks,16785409
1.403402,7.552934,LinhaRoundRobin,8 sparks,16785409
1.159015,11.473144,LinhaRoundRobin,8 sparks,16785409
0.975986,8.109706,LinhaRoundRobin,8 sparks,16785409
1.202364,7.728652,LinhaRoundRobin,8 sparks,16785409
1.274954,7.728239,LinhaRoundRobin,8 sparks,16785409
1.295292,7.673534,LinhaRoundRobin,8 sparks,16785409
0.954276,8.128351,LinhaRoundRobin,8 sparks,16785409
1.236998,9.12278,LinhaRoundRobin,8 sparks,16785409
1.252699,8.91695,LinhaRoundRobin,8 sparks,16785409
6.489945,9.091006,LinhaRoundRobin,8 sparks,16785409
0.932875,9.835354,LinhaRoundRobin,8 sparks,16785409
1.153582,8.811326,LinhaRoundRobin,8 sparks,16785409
1.243421,7.718875,LinhaRoundRobin,8 sparks,16785409
1.096876,13.3802,LinhaRoundRobin,8 sparks,16785409
1.360433,7.507362,LinhaRoundRobin,8 sparks,16785409
1.246625,7.681798,LinhaRoundRobin,8 sparks,16785409
1.291721,8.077987,LinhaRoundRobin,8 sparks,16785409
1.113869,10.992296,LinhaRoundRobin,8 sparks,16785409
1.215253,7.705913,LinhaRoundRobin,8 sparks,16785409
1.077569,8.24692,LinhaRoundRobin,8 sparks,16785409
1.705834,10.771046,LinhaRoundRobin,16 sparks,16785409
9.188358,6.390283,LinhaRoundRobin,16 sparks,16785409
1.871922,11.01973,LinhaRoundRobin,16 sparks,16785409
1.968595,9.398324,LinhaRoundRobin,16 sparks,16785409
1.737718,6.588971,LinhaRoundRobin,16 sparks,16785409
1.765404,6.668331,LinhaRoundRobin,16 sparks,16785409
1.854621,10.865587,LinhaRoundRobin,16 sparks,16785409
2.082258,7.956096,LinhaRoundRobin,16 sparks,16785409
1.535883,6.926633,LinhaRoundRobin,16 sparks,16785409
2.029757,5.850481,LinhaRoundRobin,16 sparks,16785409
2.199029,6.347234,LinhaRoundRobin,16 sparks,16785409
1.717749,6.712804,LinhaRoundRobin,16 sparks,16785409
7.704318,6.819262,LinhaRoundRobin,16 sparks,16785409
1.68642,6.568527,LinhaRoundRobin,16 sparks,16785409
1.602424,12.077977,LinhaRoundRobin,16 sparks,16785409
1.704262,6.655147,LinhaRoundRobin,16 sparks,16785409
1.909843,7.383345,LinhaRoundRobin,16 sparks,16785409
1.807582,11.311014,LinhaRoundRobin,16 sparks,16785409
1.596931,6.848749,LinhaRoundRobin,16 sparks,16785409
1.768288,7.025043,LinhaRoundRobin,16 sparks,16785409
1.560751,6.612632,LinhaRoundRobin,16 sparks,16785409
1.627823,13.470162,LinhaRoundRobin,16 sparks,16785409
2.025553,11.871648,LinhaRoundRobin,16 sparks,16785409
2.248777,5.830998,LinhaRoundRobin,16 sparks,16785409
2.122919,6.367556,LinhaRoundRobin,16 sparks,16785409
1.635263,6.463786,LinhaRoundRobin,16 sparks,16785409
1.771511,11.239051,LinhaRoundRobin,16 sparks,16785409
2.164699,5.902741,LinhaRoundRobin,16 sparks,16785409
5.277433,7.069537,LinhaRoundRobin,16 sparks,16785409
1.839586,7.853376,LinhaRoundRobin,16 sparks,16785409
1.968947,9.633494,LinhaRoundRobin,16 sparks,16785409
1.537173,6.744319,LinhaRoundRobin,16 sparks,16785409
1.536177,6.630874,LinhaRoundRobin,16 sparks,16785409
1.7653,12.623551,LinhaRoundRobin,16 sparks,16785409
1.737847,8.937077,LinhaRoundRobin,16 sparks,16785409
1.582384,6.90961,LinhaRoundRobin,16 sparks,16785409
1.575211,6.596135,LinhaRoundRobin,16 sparks,16785409
1.826236,12.254246,LinhaRoundRobin,16 sparks,16785409
1.494836,7.743428,LinhaRoundRobin,16 sparks,16785409
1.811974,12.368265,LinhaRoundRobin,16 sparks,16785409
1.760948,11.149291,LinhaRoundRobin,16 sparks,16785409
2.169052,6.029572,LinhaRoundRobin,16 sparks,16785409
1.563395,6.495325,LinhaRoundRobin,16 sparks,16785409
1.765171,7.279926,LinhaRoundRobin,16 sparks,16785409
2.002428,11.472238,LinhaRoundRobin,16 sparks,16785409
2.229295,6.705353,LinhaRoundRobin,16 sparks,16785409
1.671194,6.659469,LinhaRoundRobin,16 sparks,16785409
1.667953,11.250754,LinhaRoundRobin,16 sparks,16785409
1.554177,6.559465,LinhaRoundRobin,16 sparks,16785409
1.699648,6.694876,LinhaRoundRobin,16 sparks,16785409
