TempoAlocacao,Tempo,Particionamento,Nucleos
0.67107,6.65589,LinhaNormal,2
0.675058,6.655202,LinhaNormal,2
0.582764,6.189837,LinhaNormal,2
0.67767,6.275871,LinhaNormal,2
0.661569,6.825527,LinhaNormal,2
0.581884,5.966767,LinhaNormal,2
0.668448,6.271515,LinhaNormal,2
0.583733,5.968602,LinhaNormal,2
0.67976,6.711125,LinhaNormal,2
0.676935,6.753706,LinhaNormal,2
0.677449,6.912732,LinhaNormal,2
0.669762,6.275119,LinhaNormal,2
0.668802,6.747973,LinhaNormal,2
0.585968,6.289854,LinhaNormal,2
0.586715,5.963821,LinhaNormal,2
0.672046,6.891454,LinhaNormal,2
0.666687,6.836698,LinhaNormal,2
0.674566,6.279448,LinhaNormal,2
0.670752,6.829712,LinhaNormal,2
0.689249,6.775751,LinhaNormal,2
0.584598,5.978028,LinhaNormal,2
0.682211,6.332375,LinhaNormal,2
0.679534,6.31902,LinhaNormal,2
0.668322,6.84928,LinhaNormal,2
0.679165,6.793993,LinhaNormal,2
0.58388,5.983253,LinhaNormal,2
0.58467,6.215119,LinhaNormal,2
0.585797,5.97847,LinhaNormal,2
0.664396,6.86231,LinhaNormal,2
0.663167,6.26656,LinhaNormal,2
0.675457,6.807909,LinhaNormal,2
0.674138,6.276209,LinhaNormal,2
0.583874,6.251167,LinhaNormal,2
0.665393,6.314926,LinhaNormal,2
0.670986,6.757114,LinhaNormal,2
0.668578,6.327643,LinhaNormal,2
0.585212,5.972029,LinhaNormal,2
0.674904,6.64749,LinhaNormal,2
0.674347,6.288827,LinhaNormal,2
0.662829,6.736587,LinhaNormal,2
0.585051,5.980672,LinhaNormal,2
0.67897,6.729418,LinhaNormal,2
0.584237,5.970178,LinhaNormal,2
0.671737,6.82216,LinhaNormal,2
0.67229,6.277313,LinhaNormal,2
0.67171,6.273337,LinhaNormal,2
0.679799,6.894503,LinhaNormal,2
0.671042,6.847139,LinhaNormal,2
0.66508,6.293125,LinhaNormal,2
0.682209,6.81,LinhaNormal,2
0.418047,5.163215,LinhaNormal,4
0.38115,5.445235,LinhaNormal,4
0.358188,5.607792,LinhaNormal,4
0.406264,5.39339,LinhaNormal,4
0.305636,5.296317,LinhaNormal,4
0.516771,5.074634,LinhaNormal,4
0.401631,5.50058,LinhaNormal,4
0.487599,5.117289,LinhaNormal,4
0.373129,5.231846,LinhaNormal,4
0.543726,5.077818,LinhaNormal,4
0.474406,5.080807,LinhaNormal,4
0.500523,5.542051,LinhaNormal,4
0.378553,5.626211,LinhaNormal,4
0.489246,5.217757,LinhaNormal,4
0.501498,5.034294,LinhaNormal,4
0.516158,5.048488,LinhaNormal,4
0.388184,5.249466,LinhaNormal,4
0.397326,5.751203,LinhaNormal,4
0.358247,5.357943,LinhaNormal,4
0.360025,5.483264,LinhaNormal,4
0.426229,5.478996,LinhaNormal,4
0.479062,5.024171,LinhaNormal,4
0.383982,5.606551,LinhaNormal,4
0.359146,5.517267,LinhaNormal,4
0.373759,5.324342,LinhaNormal,4
0.500997,5.016717,LinhaNormal,4
0.521939,5.077832,LinhaNormal,4
0.38417,5.320054,LinhaNormal,4
0.390604,5.147043,LinhaNormal,4
0.514377,5.097298,LinhaNormal,4
0.396152,5.403418,LinhaNormal,4
0.40279,5.379593,LinhaNormal,4
0.400031,4.896429,LinhaNormal,4
0.487731,5.069097,LinhaNormal,4
0.501026,5.102961,LinhaNormal,4
0.402579,4.901114,LinhaNormal,4
0.493732,5.802704,LinhaNormal,4
0.39484,4.940767,LinhaNormal,4
0.50373,5.0554,LinhaNormal,4
0.38728,5.391302,LinhaNormal,4
0.383869,5.300935,LinhaNormal,4
0.510896,5.035576,LinhaNormal,4
0.742934,5.098444,LinhaNormal,4
0.545663,5.066593,LinhaNormal,4
0.373953,5.409792,LinhaNormal,4
0.523236,5.072644,LinhaNormal,4
0.516718,5.069286,LinhaNormal,4
0.393412,5.527454,LinhaNormal,4
0.497967,5.082411,LinhaNormal,4
0.494932,5.040455,LinhaNormal,4
0.301053,4.500074,LinhaNormal,8
0.296787,4.958827,LinhaNormal,8
0.281374,4.581254,LinhaNormal,8
0.333044,4.061801,LinhaNormal,8
0.324859,4.055789,LinhaNormal,8
0.293834,5.083111,LinhaNormal,8
0.35917,4.7534,LinhaNormal,8
0.337793,4.332876,LinhaNormal,8
0.320377,4.079103,LinhaNormal,8
0.294095,4.953996,LinhaNormal,8
0.343253,4.182187,LinhaNormal,8
0.329633,4.299327,LinhaNormal,8
0.323885,4.034098,LinhaNormal,8
0.304625,5.009412,LinhaNormal,8
0.3062,4.347046,LinhaNormal,8
0.318602,4.037409,LinhaNormal,8
0.243721,4.600302,LinhaNormal,8
0.293795,4.894494,LinhaNormal,8
0.306953,4.514549,LinhaNormal,8
0.311303,4.898738,LinhaNormal,8
0.316465,4.413294,LinhaNormal,8
0.340904,4.046002,LinhaNormal,8
0.312271,4.742171,LinhaNormal,8
0.315298,4.759873,LinhaNormal,8
0.295931,4.951033,LinhaNormal,8
0.328834,4.295296,LinhaNormal,8
0.34392,4.32373,LinhaNormal,8
0.333961,4.565967,LinhaNormal,8
0.32737,4.280168,LinhaNormal,8
0.323663,4.171706,LinhaNormal,8
0.23915,4.310011,LinhaNormal,8
0.328293,4.281936,LinhaNormal,8
0.329787,4.612305,LinhaNormal,8
0.359788,4.31632,LinhaNormal,8
0.303515,4.487889,LinhaNormal,8
0.309548,4.427355,LinhaNormal,8
0.317974,4.379517,LinhaNormal,8
0.316134,4.086771,LinhaNormal,8
0.275207,4.825606,LinhaNormal,8
0.340075,4.033826,LinhaNormal,8
0.311825,4.096356,LinhaNormal,8
0.331863,4.273369,LinhaNormal,8
0.293925,4.817635,LinhaNormal,8
0.23491,4.641774,LinhaNormal,8
0.364514,4.031632,LinhaNormal,8
0.302874,4.745304,LinhaNormal,8
0.319399,4.343259,LinhaNormal,8
0.283847,4.551215,LinhaNormal,8
0.284852,4.925881,LinhaNormal,8
0.280685,4.571057,LinhaNormal,8
0.418094,4.112019,LinhaNormal,16
0.400823,4.124271,LinhaNormal,16
0.361293,3.330044,LinhaNormal,16
0.398941,3.817638,LinhaNormal,16
0.378306,4.395377,LinhaNormal,16
0.401449,3.918263,LinhaNormal,16
2.277813,3.728935,LinhaNormal,16
0.430178,3.538712,LinhaNormal,16
2.403386,3.653864,LinhaNormal,16
1.41136,3.504131,LinhaNormal,16
0.394808,4.300473,LinhaNormal,16
1.131776,3.346537,LinhaNormal,16
2.050717,3.160701,LinhaNormal,16
0.412267,4.264289,LinhaNormal,16
0.394769,3.889893,LinhaNormal,16
0.383426,4.229787,LinhaNormal,16
0.352799,3.741647,LinhaNormal,16
0.374877,3.976522,LinhaNormal,16
0.432865,3.640909,LinhaNormal,16
1.275116,3.192509,LinhaNormal,16
1.745429,2.980304,LinhaNormal,16
0.416018,4.232064,LinhaNormal,16
0.408561,3.704628,LinhaNormal,16
0.363528,3.820103,LinhaNormal,16
0.392775,3.79843,LinhaNormal,16
0.389134,4.183329,LinhaNormal,16
0.368337,3.866995,LinhaNormal,16
2.25958,3.262554,LinhaNormal,16
0.413932,3.665142,LinhaNormal,16
0.373126,3.731749,LinhaNormal,16
0.415111,3.774736,LinhaNormal,16
0.376455,3.905976,LinhaNormal,16
0.3994,3.613596,LinhaNormal,16
0.425853,3.63678,LinhaNormal,16
0.406964,4.159569,LinhaNormal,16
0.389523,3.978418,LinhaNormal,16
0.427998,3.64683,LinhaNormal,16
0.334152,3.468136,LinhaNormal,16
0.410684,3.670376,LinhaNormal,16
0.414645,4.442542,LinhaNormal,16
0.400845,3.820955,LinhaNormal,16
0.403937,3.801537,LinhaNormal,16
0.401122,3.494956,LinhaNormal,16
0.414996,3.668672,LinhaNormal,16
0.401674,3.863776,LinhaNormal,16
1.352399,3.539954,LinhaNormal,16
1.387178,3.199889,LinhaNormal,16
0.415756,3.424826,LinhaNormal,16
0.388389,3.810506,LinhaNormal,16
0.399268,4.094212,LinhaNormal,16




0.65688,6.590697,LinhaRoundRobin,2
0.577261,5.981165,LinhaRoundRobin,2
0.681231,6.573485,LinhaRoundRobin,2
0.672958,6.49474,LinhaRoundRobin,2
0.673599,6.578772,LinhaRoundRobin,2
0.580222,5.781508,LinhaRoundRobin,2
0.671979,6.584174,LinhaRoundRobin,2
0.668119,6.492961,LinhaRoundRobin,2
0.662209,6.530949,LinhaRoundRobin,2
0.579732,5.999632,LinhaRoundRobin,2
0.675868,6.484035,LinhaRoundRobin,2
0.578731,5.753319,LinhaRoundRobin,2
0.682722,6.501765,LinhaRoundRobin,2
0.658335,6.502386,LinhaRoundRobin,2
0.67026,6.622389,LinhaRoundRobin,2
0.668693,6.596214,LinhaRoundRobin,2
0.581249,5.976582,LinhaRoundRobin,2
0.576896,5.961488,LinhaRoundRobin,2
0.658998,6.554944,LinhaRoundRobin,2
0.662346,6.631587,LinhaRoundRobin,2
0.664584,6.647432,LinhaRoundRobin,2
0.672136,6.570098,LinhaRoundRobin,2
0.578147,5.959933,LinhaRoundRobin,2
0.656109,6.612606,LinhaRoundRobin,2
0.658069,6.569947,LinhaRoundRobin,2
0.576179,5.991976,LinhaRoundRobin,2
0.663277,6.456185,LinhaRoundRobin,2
0.656231,6.185116,LinhaRoundRobin,2
0.661333,6.459102,LinhaRoundRobin,2
0.659205,6.591201,LinhaRoundRobin,2
0.661096,6.460953,LinhaRoundRobin,2
0.674824,6.497284,LinhaRoundRobin,2
0.672877,6.512286,LinhaRoundRobin,2
0.661477,6.574222,LinhaRoundRobin,2
0.576897,5.992992,LinhaRoundRobin,2
0.579726,5.79877,LinhaRoundRobin,2
0.665347,6.497957,LinhaRoundRobin,2
0.668762,6.472702,LinhaRoundRobin,2
0.66537,6.446852,LinhaRoundRobin,2
0.581059,5.971314,LinhaRoundRobin,2
0.669699,6.454101,LinhaRoundRobin,2
0.661876,6.581126,LinhaRoundRobin,2
0.662942,6.589019,LinhaRoundRobin,2
0.662849,6.553987,LinhaRoundRobin,2
0.662683,6.477674,LinhaRoundRobin,2
0.663403,6.593116,LinhaRoundRobin,2
0.662705,6.467715,LinhaRoundRobin,2
0.659633,6.514104,LinhaRoundRobin,2
0.673235,6.632699,LinhaRoundRobin,2
0.664368,6.482982,LinhaRoundRobin,2
0.472443,3.189147,LinhaRoundRobin,4
0.374768,3.374213,LinhaRoundRobin,4
0.481014,3.18508,LinhaRoundRobin,4
0.354368,3.34768,LinhaRoundRobin,4
0.376557,3.318601,LinhaRoundRobin,4
0.355316,3.326809,LinhaRoundRobin,4
0.543045,3.203915,LinhaRoundRobin,4
0.364067,3.338738,LinhaRoundRobin,4
0.49123,3.179812,LinhaRoundRobin,4
0.511984,3.180381,LinhaRoundRobin,4
0.475029,3.177672,LinhaRoundRobin,4
0.497677,3.190489,LinhaRoundRobin,4
0.388952,3.396088,LinhaRoundRobin,4
0.53287,3.195889,LinhaRoundRobin,4
0.486564,3.178471,LinhaRoundRobin,4
0.35439,3.316878,LinhaRoundRobin,4
0.372859,3.386417,LinhaRoundRobin,4
0.354808,3.335161,LinhaRoundRobin,4
0.382174,3.400555,LinhaRoundRobin,4
0.394406,3.385298,LinhaRoundRobin,4
0.362039,3.341277,LinhaRoundRobin,4
0.496354,3.174647,LinhaRoundRobin,4
0.371355,3.349213,LinhaRoundRobin,4
0.355443,3.326538,LinhaRoundRobin,4
0.378619,3.360757,LinhaRoundRobin,4
0.489416,3.182955,LinhaRoundRobin,4
0.409225,3.412444,LinhaRoundRobin,4
0.389491,3.072661,LinhaRoundRobin,4
0.378029,3.373422,LinhaRoundRobin,4
0.355105,3.362264,LinhaRoundRobin,4
0.479906,3.183752,LinhaRoundRobin,4
0.492525,3.222945,LinhaRoundRobin,4
0.355182,3.370797,LinhaRoundRobin,4
0.479705,3.17197,LinhaRoundRobin,4
0.483007,3.197102,LinhaRoundRobin,4
0.502331,3.202765,LinhaRoundRobin,4
0.390055,3.398002,LinhaRoundRobin,4
0.473134,3.17169,LinhaRoundRobin,4
0.379571,3.378508,LinhaRoundRobin,4
0.481945,3.162828,LinhaRoundRobin,4
0.474898,3.181611,LinhaRoundRobin,4
0.473552,3.14953,LinhaRoundRobin,4
0.479121,3.189205,LinhaRoundRobin,4
0.487767,3.20638,LinhaRoundRobin,4
0.381358,3.361719,LinhaRoundRobin,4
0.38338,3.434128,LinhaRoundRobin,4
0.481842,3.157057,LinhaRoundRobin,4
0.368006,3.349422,LinhaRoundRobin,4
0.527829,3.193607,LinhaRoundRobin,4
0.473397,3.171057,LinhaRoundRobin,4
0.321076,1.889115,LinhaRoundRobin,8
0.317574,1.881286,LinhaRoundRobin,8
0.243631,2.03651,LinhaRoundRobin,8
0.308777,2.281242,LinhaRoundRobin,8
0.319834,1.894782,LinhaRoundRobin,8
0.336898,1.874734,LinhaRoundRobin,8
0.327108,1.91627,LinhaRoundRobin,8
0.340457,1.895214,LinhaRoundRobin,8
0.33315,1.894613,LinhaRoundRobin,8
0.328929,1.916901,LinhaRoundRobin,8
0.33799,3.071104,LinhaRoundRobin,8
0.244079,1.993793,LinhaRoundRobin,8
0.332973,2.001268,LinhaRoundRobin,8
0.320478,1.877181,LinhaRoundRobin,8
0.337899,2.010542,LinhaRoundRobin,8
0.333036,1.882691,LinhaRoundRobin,8
0.242244,2.006199,LinhaRoundRobin,8
0.241785,1.990539,LinhaRoundRobin,8
0.326812,1.881364,LinhaRoundRobin,8
0.324787,1.901769,LinhaRoundRobin,8
0.247453,1.982979,LinhaRoundRobin,8
0.316173,1.90779,LinhaRoundRobin,8
0.327131,2.257613,LinhaRoundRobin,8
0.314574,1.894149,LinhaRoundRobin,8
0.319832,1.908036,LinhaRoundRobin,8
0.336797,1.903701,LinhaRoundRobin,8
0.335339,1.908889,LinhaRoundRobin,8
0.32044,2.025379,LinhaRoundRobin,8
0.333892,3.098111,LinhaRoundRobin,8
0.240467,1.994087,LinhaRoundRobin,8
0.337206,2.024924,LinhaRoundRobin,8
0.323492,1.889556,LinhaRoundRobin,8
0.32505,1.885021,LinhaRoundRobin,8
0.313558,1.891362,LinhaRoundRobin,8
0.25444,1.979203,LinhaRoundRobin,8
0.337927,1.895718,LinhaRoundRobin,8
0.309738,2.246658,LinhaRoundRobin,8
0.453265,2.945149,LinhaRoundRobin,8
0.299546,3.617194,LinhaRoundRobin,8
0.241201,1.992239,LinhaRoundRobin,8
0.335723,1.884853,LinhaRoundRobin,8
0.245201,1.993787,LinhaRoundRobin,8
0.352606,2.042028,LinhaRoundRobin,8
0.331146,1.888685,LinhaRoundRobin,8
0.329421,1.899631,LinhaRoundRobin,8
0.321002,1.891674,LinhaRoundRobin,8
0.239763,1.987689,LinhaRoundRobin,8
0.320015,3.19972,LinhaRoundRobin,8
1.302526,1.915333,LinhaRoundRobin,8
0.292558,2.818272,LinhaRoundRobin,8
0.470329,1.898463,LinhaRoundRobin,16
0.35829,1.92608,LinhaRoundRobin,16
0.391345,1.646763,LinhaRoundRobin,16
0.346889,1.927659,LinhaRoundRobin,16
0.394404,1.978463,LinhaRoundRobin,16
0.413337,1.651377,LinhaRoundRobin,16
1.930531,1.527076,LinhaRoundRobin,16
0.506064,1.455576,LinhaRoundRobin,16
0.371175,1.851143,LinhaRoundRobin,16
0.422833,1.958463,LinhaRoundRobin,16
0.498148,1.612383,LinhaRoundRobin,16
0.439039,1.814267,LinhaRoundRobin,16
0.506931,1.460148,LinhaRoundRobin,16
0.463694,1.945687,LinhaRoundRobin,16
0.532954,1.533032,LinhaRoundRobin,16
0.390685,1.920687,LinhaRoundRobin,16
0.390705,1.889716,LinhaRoundRobin,16
0.438022,1.934267,LinhaRoundRobin,16
0.478071,1.691751,LinhaRoundRobin,16
0.488082,2.446495,LinhaRoundRobin,16
0.415488,2.370425,LinhaRoundRobin,16
0.355253,1.7212383,LinhaRoundRobin,16
0.463,1.892384,LinhaRoundRobin,16
0.490511,1.757314,LinhaRoundRobin,16
0.454665,3.337077,LinhaRoundRobin,16
0.468444,1.900985,LinhaRoundRobin,16
1.168593,1.669208,LinhaRoundRobin,16
0.43393,2.526421,LinhaRoundRobin,16
0.498643,1.706864,LinhaRoundRobin,16
0.397656,1.803561,LinhaRoundRobin,16
0.363458,1.842384,LinhaRoundRobin,16
0.50247,1.934074,LinhaRoundRobin,16
0.455545,2.283207,LinhaRoundRobin,16
0.452395,2.333712,LinhaRoundRobin,16
0.534339,2.291253,LinhaRoundRobin,16
0.471978,2.327356,LinhaRoundRobin,16
0.477149,1.884679,LinhaRoundRobin,16
0.4329,1.926426,LinhaRoundRobin,16
0.428354,2.492933,LinhaRoundRobin,16
0.354884,1.800214,LinhaRoundRobin,16
0.38609,1.668046,LinhaRoundRobin,16
0.413361,1.612461,LinhaRoundRobin,16
0.449922,1.872798,LinhaRoundRobin,16
1.427736,1.97924,LinhaRoundRobin,16
1.193779,1.894734,LinhaRoundRobin,16
0.395936,1.649038,LinhaRoundRobin,16
0.358491,1.89415,LinhaRoundRobin,16
0.554099,1.660768,LinhaRoundRobin,16
2.021171,1.75058,LinhaRoundRobin,16
0.441144,1.570768,LinhaRoundRobin,16







0.684373,8.330702,ColunaNormal,2
0.667464,8.259916,ColunaNormal,2
0.664847,7.924356,ColunaNormal,2
0.588513,7.719502,ColunaNormal,2
0.6793,8.349022,ColunaNormal,2
0.671461,8.238544,ColunaNormal,2
0.670268,7.875314,ColunaNormal,2
0.677724,7.892509,ColunaNormal,2
0.669178,7.933278,ColunaNormal,2
0.669196,7.896977,ColunaNormal,2
0.671808,7.866018,ColunaNormal,2
0.68754,8.408146,ColunaNormal,2
0.58781,7.763386,ColunaNormal,2
0.681505,7.859249,ColunaNormal,2
0.668305,8.35275,ColunaNormal,2
0.67667,7.892759,ColunaNormal,2
0.678563,7.899642,ColunaNormal,2
0.592935,7.723096,ColunaNormal,2
0.677808,7.890692,ColunaNormal,2
0.668769,8.265689,ColunaNormal,2
0.676066,8.337284,ColunaNormal,2
0.679248,8.404358,ColunaNormal,2
0.591796,7.706601,ColunaNormal,2
0.664466,7.89004,ColunaNormal,2
0.66845,7.921367,ColunaNormal,2
0.679283,7.886435,ColunaNormal,2
0.675117,7.840295,ColunaNormal,2
0.591958,7.752697,ColunaNormal,2
0.678977,7.86451,ColunaNormal,2
0.679259,8.367654,ColunaNormal,2
0.671059,7.857548,ColunaNormal,2
0.672418,7.860294,ColunaNormal,2
0.588189,7.739934,ColunaNormal,2
0.66987,8.316977,ColunaNormal,2
0.676084,8.186926,ColunaNormal,2
0.681211,7.871734,ColunaNormal,2
0.671946,7.86278,ColunaNormal,2
0.681434,8.360493,ColunaNormal,2
0.669148,8.187728,ColunaNormal,2
0.671976,7.871068,ColunaNormal,2
0.670489,8.321596,ColunaNormal,2
0.680045,8.337126,ColunaNormal,2
0.670857,8.320909,ColunaNormal,2
0.67818,7.985557,ColunaNormal,2
0.587519,7.741298,ColunaNormal,2
0.677547,7.882478,ColunaNormal,2
0.590252,7.716859,ColunaNormal,2
0.673308,7.861503,ColunaNormal,2
0.683148,8.349967,ColunaNormal,2
0.587504,7.719623,ColunaNormal,2
0.501405,5.035303,ColunaNormal,4
0.492771,5.80073,ColunaNormal,4
0.502739,5.05477,ColunaNormal,4
0.480059,5.140701,ColunaNormal,4
0.39268,5.601002,ColunaNormal,4
0.427312,5.763719,ColunaNormal,4
0.370142,5.43291,ColunaNormal,4
0.379092,5.47094,ColunaNormal,4
0.495117,5.560246,ColunaNormal,4
0.392761,5.205862,ColunaNormal,4
0.543479,5.096318,ColunaNormal,4
0.509261,5.091466,ColunaNormal,4
0.510212,5.085642,ColunaNormal,4
0.379019,5.310971,ColunaNormal,4
0.433274,5.300329,ColunaNormal,4
0.525893,5.362868,ColunaNormal,4
0.496594,5.160769,ColunaNormal,4
0.465424,5.266347,ColunaNormal,4
0.366268,5.34679,ColunaNormal,4
0.380259,5.438768,ColunaNormal,4
0.510632,5.068554,ColunaNormal,4
0.504632,5.043408,ColunaNormal,4
0.387059,5.36173,ColunaNormal,4
0.37642,5.430949,ColunaNormal,4
0.378225,5.422285,ColunaNormal,4
0.518825,5.066144,ColunaNormal,4
0.386254,5.605625,ColunaNormal,4
0.379894,5.36864,ColunaNormal,4
0.511999,5.063691,ColunaNormal,4
0.512009,5.067496,ColunaNormal,4
0.422364,5.453682,ColunaNormal,4
0.513461,5.088953,ColunaNormal,4
0.527208,5.067976,ColunaNormal,4
0.487997,5.078648,ColunaNormal,4
0.4808,5.119174,ColunaNormal,4
0.485964,5.919121,ColunaNormal,4
0.401405,5.478061,ColunaNormal,4
0.399223,5.381218,ColunaNormal,4
0.513328,5.104617,ColunaNormal,4
0.517399,5.110312,ColunaNormal,4
0.373903,5.762485,ColunaNormal,4
0.397742,4.95039,ColunaNormal,4
0.398866,5.495745,ColunaNormal,4
0.496683,5.272538,ColunaNormal,4
0.403444,5.444168,ColunaNormal,4
0.512827,5.324354,ColunaNormal,4
0.390481,6.836308,ColunaNormal,4
0.378883,5.470051,ColunaNormal,4
0.501122,5.06875,ColunaNormal,4
0.385153,5.468292,ColunaNormal,4
0.236039,4.642193,ColunaNormal,8
1.52816,4.32537,ColunaNormal,8
0.241969,4.298355,ColunaNormal,8
0.319735,4.188349,ColunaNormal,8
0.317849,4.186745,ColunaNormal,8
0.349047,4.17581,ColunaNormal,8
0.240771,4.504728,ColunaNormal,8
0.389539,4.754951,ColunaNormal,8
1.347072,4.177991,ColunaNormal,8
1.465284,4.42321,ColunaNormal,8
0.316823,4.18414,ColunaNormal,8
0.300902,4.785179,ColunaNormal,8
0.331821,4.421145,ColunaNormal,8
1.13618,4.858028,ColunaNormal,8
0.288402,4.78305,ColunaNormal,8
0.34244,4.134811,ColunaNormal,8
0.336003,4.29371,ColunaNormal,8
0.333095,4.166769,ColunaNormal,8
0.337928,4.549503,ColunaNormal,8
0.237833,4.718717,ColunaNormal,8
0.322083,4.335892,ColunaNormal,8
0.318145,4.170185,ColunaNormal,8
0.266792,4.476349,ColunaNormal,8
0.334838,4.345401,ColunaNormal,8
0.258285,4.609975,ColunaNormal,8
0.312547,4.239074,ColunaNormal,8
0.337204,4.147528,ColunaNormal,8
0.33301,4.325061,ColunaNormal,8
0.320856,4.168349,ColunaNormal,8
0.326403,4.260791,ColunaNormal,8
0.240214,4.544101,ColunaNormal,8
0.30027,5.093283,ColunaNormal,8
0.335239,4.332384,ColunaNormal,8
0.321814,4.607366,ColunaNormal,8
0.278537,4.842257,ColunaNormal,8
0.314602,4.588391,ColunaNormal,8
0.338948,5.094031,ColunaNormal,8
0.316678,4.196706,ColunaNormal,8
0.300211,4.826954,ColunaNormal,8
0.284767,4.638144,ColunaNormal,8
0.239842,4.456654,ColunaNormal,8
0.34498,4.319871,ColunaNormal,8
0.252553,4.370941,ColunaNormal,8
0.329184,4.189923,ColunaNormal,8
0.312315,4.361458,ColunaNormal,8
0.314478,4.341844,ColunaNormal,8
0.272453,4.623149,ColunaNormal,8
0.352639,4.284332,ColunaNormal,8
0.325865,4.475559,ColunaNormal,8
0.34766,4.161721,ColunaNormal,8
0.413633,4.137808,ColunaNormal,16
0.406636,3.820155,ColunaNormal,16
0.927621,4.315056,ColunaNormal,16
0.388311,3.972976,ColunaNormal,16
0.420732,3.22906,ColunaNormal,16
0.415448,3.580027,ColunaNormal,16
0.405945,4.084481,ColunaNormal,16
0.39442,4.302149,ColunaNormal,16
0.881023,3.101239,ColunaNormal,16
0.401363,4.414729,ColunaNormal,16
0.41103,3.755427,ColunaNormal,16
0.384317,3.841551,ColunaNormal,16
0.384228,3.961756,ColunaNormal,16
0.406267,4.400983,ColunaNormal,16
0.399309,3.48373,ColunaNormal,16
1.454002,3.281661,ColunaNormal,16
1.85547,3.761707,ColunaNormal,16
0.39846,3.442594,ColunaNormal,16
0.365021,3.448528,ColunaNormal,16
0.406732,4.32847,ColunaNormal,16
1.398932,3.362683,ColunaNormal,16
0.415176,4.161726,ColunaNormal,16
0.383746,4.04193,ColunaNormal,16
0.399418,4.433654,ColunaNormal,16
0.348307,3.473627,ColunaNormal,16
0.381773,3.804905,ColunaNormal,16
0.389159,3.92568,ColunaNormal,16
0.405409,4.855684,ColunaNormal,16
0.39448,3.956058,ColunaNormal,16
0.376302,3.849252,ColunaNormal,16
0.398264,3.655483,ColunaNormal,16
0.777848,4.30968,ColunaNormal,16
0.420408,3.415134,ColunaNormal,16
0.388251,3.826441,ColunaNormal,16
1.346033,3.133979,ColunaNormal,16
0.380064,3.814775,ColunaNormal,16
0.41312,3.78972,ColunaNormal,16
1.642601,3.29447,ColunaNormal,16
1.418595,3.031787,ColunaNormal,16
0.41789,3.573224,ColunaNormal,16
0.419434,3.53319,ColunaNormal,16
0.387052,4.140681,ColunaNormal,16
2.222727,3.453973,ColunaNormal,16
0.406268,3.626796,ColunaNormal,16
0.405541,3.568201,ColunaNormal,16
0.365096,4.105153,ColunaNormal,16
0.401734,3.408433,ColunaNormal,16
0.394701,4.465761,ColunaNormal,16
0.417563,3.679574,ColunaNormal,16
0.392268,3.907843,ColunaNormal,16






0.672115,6.544548,ColunaRoundRobin,2
0.658078,6.618763,ColunaRoundRobin,2
0.57881,6.0263,ColunaRoundRobin,2
0.65793,6.52869,ColunaRoundRobin,2
0.668007,6.529283,ColunaRoundRobin,2
0.672929,6.535347,ColunaRoundRobin,2
0.667265,6.636393,ColunaRoundRobin,2
0.673102,6.550451,ColunaRoundRobin,2
0.673058,6.641391,ColunaRoundRobin,2
0.666947,6.644815,ColunaRoundRobin,2
0.663166,6.544159,ColunaRoundRobin,2
0.681114,6.68779,ColunaRoundRobin,2
0.667584,6.594547,ColunaRoundRobin,2
0.660738,6.626613,ColunaRoundRobin,2
0.578172,5.781805,ColunaRoundRobin,2
0.671292,6.519055,ColunaRoundRobin,2
0.667571,6.611134,ColunaRoundRobin,2
0.663629,6.176224,ColunaRoundRobin,2
0.665273,6.725176,ColunaRoundRobin,2
0.670024,6.556288,ColunaRoundRobin,2
0.663509,6.52189,ColunaRoundRobin,2
0.668268,6.627161,ColunaRoundRobin,2
0.59262,5.942283,ColunaRoundRobin,2
0.664965,6.534266,ColunaRoundRobin,2
0.665415,6.745979,ColunaRoundRobin,2
0.662411,6.673705,ColunaRoundRobin,2
0.668492,6.21201,ColunaRoundRobin,2
0.577719,5.782794,ColunaRoundRobin,2
0.670328,6.603026,ColunaRoundRobin,2
0.661415,6.674013,ColunaRoundRobin,2
0.665217,6.657028,ColunaRoundRobin,2
0.673581,6.643819,ColunaRoundRobin,2
0.673008,6.65877,ColunaRoundRobin,2
0.664463,6.578011,ColunaRoundRobin,2
0.664358,6.632585,ColunaRoundRobin,2
0.67047,6.641137,ColunaRoundRobin,2
0.672837,6.583445,ColunaRoundRobin,2
0.667134,6.67223,ColunaRoundRobin,2
0.670266,6.764786,ColunaRoundRobin,2
0.669912,6.572836,ColunaRoundRobin,2
0.579654,6.030604,ColunaRoundRobin,2
0.671348,6.668015,ColunaRoundRobin,2
0.671011,6.648243,ColunaRoundRobin,2
0.579228,6.010986,ColunaRoundRobin,2
0.66847,6.654501,ColunaRoundRobin,2
0.676681,6.586767,ColunaRoundRobin,2
0.672616,6.186643,ColunaRoundRobin,2
0.669451,6.706886,ColunaRoundRobin,2
0.677015,6.746888,ColunaRoundRobin,2
0.672651,6.508092,ColunaRoundRobin,2
0.357384,3.353488,ColunaRoundRobin,4
0.380445,3.379312,ColunaRoundRobin,4
0.508914,3.205745,ColunaRoundRobin,4
0.386304,3.415247,ColunaRoundRobin,4
0.353975,3.370854,ColunaRoundRobin,4
0.482864,3.292081,ColunaRoundRobin,4
0.51779,3.318477,ColunaRoundRobin,4
0.471566,3.19627,ColunaRoundRobin,4
0.355299,3.349386,ColunaRoundRobin,4
0.475791,3.194354,ColunaRoundRobin,4
0.35541,3.38071,ColunaRoundRobin,4
0.500969,3.201167,ColunaRoundRobin,4
0.516369,3.204995,ColunaRoundRobin,4
0.559128,3.343708,ColunaRoundRobin,4
0.501135,3.286253,ColunaRoundRobin,4
0.506862,3.200162,ColunaRoundRobin,4
0.50936,3.244128,ColunaRoundRobin,4
0.479174,3.351442,ColunaRoundRobin,4
0.519285,3.217414,ColunaRoundRobin,4
0.386515,3.333828,ColunaRoundRobin,4
0.49801,3.325512,ColunaRoundRobin,4
0.361821,3.346042,ColunaRoundRobin,4
0.385254,3.343365,ColunaRoundRobin,4
0.478274,3.298818,ColunaRoundRobin,4
0.528782,3.195122,ColunaRoundRobin,4
0.382602,3.413961,ColunaRoundRobin,4
0.489631,3.290452,ColunaRoundRobin,4
0.356396,3.357332,ColunaRoundRobin,4
0.374032,3.370448,ColunaRoundRobin,4
0.307151,3.192955,ColunaRoundRobin,4
0.374772,3.385325,ColunaRoundRobin,4
0.476249,3.286405,ColunaRoundRobin,4
0.384855,3.406478,ColunaRoundRobin,4
0.401401,3.37308,ColunaRoundRobin,4
0.498871,3.1913,ColunaRoundRobin,4
0.497605,3.28958,ColunaRoundRobin,4
0.385204,3.395097,ColunaRoundRobin,4
0.500184,3.208435,ColunaRoundRobin,4
0.505499,3.246943,ColunaRoundRobin,4
0.356288,3.353746,ColunaRoundRobin,4
0.492615,3.188612,ColunaRoundRobin,4
0.385391,3.389156,ColunaRoundRobin,4
0.50071,3.207542,ColunaRoundRobin,4
0.540967,3.336342,ColunaRoundRobin,4
0.372411,3.390432,ColunaRoundRobin,4
0.484293,3.277421,ColunaRoundRobin,4
0.491975,3.229717,ColunaRoundRobin,4
0.526124,3.203862,ColunaRoundRobin,4
0.494937,3.328535,ColunaRoundRobin,4
0.496977,3.306308,ColunaRoundRobin,4
0.3061,2.350449,ColunaRoundRobin,8
0.32134,1.901781,ColunaRoundRobin,8
0.310228,1.998902,ColunaRoundRobin,8
0.319318,1.920024,ColunaRoundRobin,8
0.323993,1.945596,ColunaRoundRobin,8
0.31314,2.262258,ColunaRoundRobin,8
0.318897,1.906907,ColunaRoundRobin,8
0.336426,1.997773,ColunaRoundRobin,8
0.333759,1.903831,ColunaRoundRobin,8
0.317051,2.776176,ColunaRoundRobin,8
0.321966,2.066098,ColunaRoundRobin,8
0.309728,1.902033,ColunaRoundRobin,8
0.355015,2.08547,ColunaRoundRobin,8
0.247477,1.990288,ColunaRoundRobin,8
0.334699,1.901516,ColunaRoundRobin,8
0.313467,1.890672,ColunaRoundRobin,8
0.338332,1.943339,ColunaRoundRobin,8
0.241198,2.005944,ColunaRoundRobin,8
0.312813,2.358721,ColunaRoundRobin,8
0.30254,2.369605,ColunaRoundRobin,8
0.313179,2.384687,ColunaRoundRobin,8
0.332325,1.895627,ColunaRoundRobin,8
1.439117,1.920107,ColunaRoundRobin,8
0.321412,2.449939,ColunaRoundRobin,8
0.244895,2.001722,ColunaRoundRobin,8
0.312899,1.902959,ColunaRoundRobin,8
0.336625,1.889547,ColunaRoundRobin,8
0.338832,1.904681,ColunaRoundRobin,8
0.313886,1.904995,ColunaRoundRobin,8
0.316625,1.916884,ColunaRoundRobin,8
0.329758,1.910608,ColunaRoundRobin,8
0.326884,1.898928,ColunaRoundRobin,8
0.320868,1.976698,ColunaRoundRobin,8
0.324333,1.884419,ColunaRoundRobin,8
0.34706,1.979777,ColunaRoundRobin,8
0.340362,1.976837,ColunaRoundRobin,8
0.329595,1.892683,ColunaRoundRobin,8
0.349815,2.005777,ColunaRoundRobin,8
0.243113,1.992585,ColunaRoundRobin,8
0.330497,1.897579,ColunaRoundRobin,8
0.328309,1.901999,ColunaRoundRobin,8
0.312031,3.041341,ColunaRoundRobin,8
0.313603,1.88757,ColunaRoundRobin,8
0.338107,2.183497,ColunaRoundRobin,8
0.327104,1.894257,ColunaRoundRobin,8
0.251854,2.005112,ColunaRoundRobin,8
0.246392,2.001888,ColunaRoundRobin,8
0.310452,2.246998,ColunaRoundRobin,8
0.323618,1.900542,ColunaRoundRobin,8
0.318354,2.227659,ColunaRoundRobin,8
0.518094,1.697828,ColunaRoundRobin,16
0.359656,1.799802,ColunaRoundRobin,16
0.378321,1.515687,ColunaRoundRobin,16
0.464268,1.782939,ColunaRoundRobin,16
0.545202,1.438649,ColunaRoundRobin,16
0.380224,1.856096,ColunaRoundRobin,16
0.415541,1.640761,ColunaRoundRobin,16
0.440012,2.371728,ColunaRoundRobin,16
0.370473,2.051218,ColunaRoundRobin,16
0.448635,2.351152,ColunaRoundRobin,16
0.362287,2.526857,ColunaRoundRobin,16
0.391017,1.882371,ColunaRoundRobin,16
0.517065,2.26149,ColunaRoundRobin,16
0.536198,2.662388,ColunaRoundRobin,16
0.513972,1.753279,ColunaRoundRobin,16
0.378321,1.665687,ColunaRoundRobin,16
0.390609,1.870245,ColunaRoundRobin,16
0.362287,1.616857,ColunaRoundRobin,16
0.450456,1.881651,ColunaRoundRobin,16
0.390609,1.960245,ColunaRoundRobin,16
0.396951,1.897485,ColunaRoundRobin,16
0.429961,2.247788,ColunaRoundRobin,16
0.382317,1.663193,ColunaRoundRobin,16
0.331288,1.980817,ColunaRoundRobin,16
0.368529,1.710314,ColunaRoundRobin,16
1.722549,2.005262,ColunaRoundRobin,16
0.530655,1.753868,ColunaRoundRobin,16
0.536198,1.634388,ColunaRoundRobin,16
0.502426,1.961131,ColunaRoundRobin,16
0.545202,1.658649,ColunaRoundRobin,16
0.536198,1.594388,ColunaRoundRobin,16
0.946716,1.875382,ColunaRoundRobin,16
0.434109,2.049148,ColunaRoundRobin,16
1.298876,1.823385,ColunaRoundRobin,16
1.011541,1.713042,ColunaRoundRobin,16
0.507727,1.700783,ColunaRoundRobin,16
0.419709,2.713847,ColunaRoundRobin,16
0.448931,2.531311,ColunaRoundRobin,16
0.412466,3.617983,ColunaRoundRobin,16
2.066005,1.778559,ColunaRoundRobin,16
0.358573,1.87893,ColunaRoundRobin,16
0.442988,1.674842,ColunaRoundRobin,16
0.429751,2.078342,ColunaRoundRobin,16
0.310404,2.017291,ColunaRoundRobin,16
0.442988,1.474842,ColunaRoundRobin,16
0.387386,1.644305,ColunaRoundRobin,16
0.391164,1.893901,ColunaRoundRobin,16
0.485215,1.459877,ColunaRoundRobin,16
0.387386,1.724305,ColunaRoundRobin,16
0.519383,1.840666,ColunaRoundRobin,16
